product_id,product_name,category,price,description,image_path
101,Colorbar Mogra Mist - Scent Of An India Temple - 001,Fragrance,417,Premium Fragrance product: Colorbar Mogra Mist - Scent Of An India Temple - 001,images/101.jpg
102,Get Party Ready With Kay Beauty Lip Liner - Dance Off & Matte Lipstick - Premier,Makeup,1394,Premium Makeup product: Get Party Ready With Kay Beauty Lip Liner - Dance Off & Matte Lipstick - Premier,images/102.jpg
103,Herbal Essences Aloe & Bamboo Conditioner Soft Smooth Hair- No- Sulphates and Paraben(400gm),Haircare,578,Premium Haircare product: Herbal Essences Aloe & Bamboo Conditioner Soft Smooth Hair- No- Sulphates and Paraben(400gm),images/103.jpg
104,"Herbal Essences Aloe & Bamboo Shampoo + Conditioner For Soft Smooth Hair, No Sulphates & Paraben",Haircare,1181,"Premium Haircare product: Herbal Essences Aloe & Bamboo Shampoo + Conditioner For Soft Smooth Hair, No Sulphates & Paraben",images/104.jpg
105,"Herbal Essences Aloe & Bamboo Shampoo + Conditioner Kit For Soft Hair, Sulphate & Paraben Free",Haircare,945,"Premium Haircare product: Herbal Essences Aloe & Bamboo Shampoo + Conditioner Kit For Soft Hair, Sulphate & Paraben Free",images/105.jpg
106,"Herbal Essences Aloe & Bamboo Shampoo For Soft Smooth Hair, No-Sulphates, Paraben and Silicones",Haircare,525,"Premium Haircare product: Herbal Essences Aloe & Bamboo Shampoo For Soft Smooth Hair, No-Sulphates, Paraben and Silicones",images/106.jpg
107,"Herbal Essences Aloe & Eucalyptus Shampoo + Aloe & Bamboo Conditioner, No- Sulphates & Paraben",Haircare,1103,"Premium Haircare product: Herbal Essences Aloe & Eucalyptus Shampoo + Aloe & Bamboo Conditioner, No- Sulphates & Paraben",images/107.jpg
108,"Herbal Essences Aloe & Eucalyptus Shampoo For Soft Smooth Hair, No- Sulphates, Paraben and Silicones",Haircare,525,"Premium Haircare product: Herbal Essences Aloe & Eucalyptus Shampoo For Soft Smooth Hair, No- Sulphates, Paraben and Silicones",images/108.jpg
109,Herbal Essences Argan 2 Shampoo + Conditioner,Haircare,1295,Premium Haircare product: Herbal Essences Argan 2 Shampoo + Conditioner,images/109.jpg
110,Herbal Essences Argan Oil Of Moroccan Shampoo & Conditioner With Free Neem Comb,Haircare,750,Premium Haircare product: Herbal Essences Argan Oil Of Moroccan Shampoo & Conditioner With Free Neem Comb,images/110.jpg
111,Herbal Essences Argan Oil Of Morocco Conditioner - For Frizz Free Hair - Paraben Free,Haircare,390,Premium Haircare product: Herbal Essences Argan Oil Of Morocco Conditioner - For Frizz Free Hair - Paraben Free,images/111.jpg
112,Herbal Essences Argan Oil Of Morocco Shampoo - For Frizz Free Hair - Paraben Free,Haircare,390,Premium Haircare product: Herbal Essences Argan Oil Of Morocco Shampoo - For Frizz Free Hair - Paraben Free,images/112.jpg
113,"Herbal Essences Argan Oil Shampoo & Conditioner For Frizz - No Parabens, No Colourants",Haircare,533,"Premium Haircare product: Herbal Essences Argan Oil Shampoo & Conditioner For Frizz - No Parabens, No Colourants",images/113.jpg
114,"Herbal Essences Argan Oil Shampoo & Conditioner For Frizz - No Parabens, No Colourants",Haircare,688,"Premium Haircare product: Herbal Essences Argan Oil Shampoo & Conditioner For Frizz - No Parabens, No Colourants",images/114.jpg
115,Herbal Essences Argan Shampoo + Argan Conditioner,Haircare,667,Premium Haircare product: Herbal Essences Argan Shampoo + Argan Conditioner,images/115.jpg
116,Herbal Essences Bio:Renew Hydrate Coconut Milk Conditioner,Haircare,423,Premium Haircare product: Herbal Essences Bio:Renew Hydrate Coconut Milk Conditioner,images/116.jpg
117,Herbal Essences Bio:Renew Strength Whipped Cocoa Butter Conditioner,Haircare,423,Premium Haircare product: Herbal Essences Bio:Renew Strength Whipped Cocoa Butter Conditioner,images/117.jpg
118,Herbal Essences Cocoa Butter 2 Shampoo + Conditioner,Haircare,1295,Premium Haircare product: Herbal Essences Cocoa Butter 2 Shampoo + Conditioner,images/118.jpg
119,"Herbal Essences Cocoa Butter Shampoo & Conditioner For Hair Strengthening - No Parabens, No Colourants",Haircare,875,"Premium Haircare product: Herbal Essences Cocoa Butter Shampoo & Conditioner For Hair Strengthening - No Parabens, No Colourants",images/119.jpg
120,"Herbal Essences Cocoa Butter Shampoo For Hair Strengthening - No Parabens, No Colourants",Haircare,390,"Premium Haircare product: Herbal Essences Cocoa Butter Shampoo For Hair Strengthening - No Parabens, No Colourants",images/120.jpg
121,Herbal Essences Coconut 2 Shampoo + Conditioner,Haircare,1295,Premium Haircare product: Herbal Essences Coconut 2 Shampoo + Conditioner,images/121.jpg
122,"Herbal Essences Coconut Milk Shampoo & Conditioner For Hydration & Softness - No Parabens, No Colourants",Haircare,875,"Premium Haircare product: Herbal Essences Coconut Milk Shampoo & Conditioner For Hydration & Softness - No Parabens, No Colourants",images/122.jpg
123,Herbal Essences Coconut Milk Shampoo For Hydration & Softness - No Parabens- No Colourants,Haircare,390,Premium Haircare product: Herbal Essences Coconut Milk Shampoo For Hydration & Softness - No Parabens- No Colourants,images/123.jpg
124,Herbal Essences Strawberry & Mint Conditioner - For Cleansing & Volume - Paraben Free,Haircare,277,Premium Haircare product: Herbal Essences Strawberry & Mint Conditioner - For Cleansing & Volume - Paraben Free,images/124.jpg
125,Herbal Essences Strawberry & Mint Shampoo - For Cleansing & Volume - Paraben Free,Haircare,390,Premium Haircare product: Herbal Essences Strawberry & Mint Shampoo - For Cleansing & Volume - Paraben Free,images/125.jpg
126,Herbal Essences Strawberry 2 Shampoo + Conditioner,Haircare,1295,Premium Haircare product: Herbal Essences Strawberry 2 Shampoo + Conditioner,images/126.jpg
127,"Herbal Essences Strawberry Shampoo & Conditioner For Volume - No Parabens, No Colourants",Haircare,875,"Premium Haircare product: Herbal Essences Strawberry Shampoo & Conditioner For Volume - No Parabens, No Colourants",images/127.jpg
128,"Herbal Essences Strawberry Shampoo & Conditioner For Voluminous Hair - No Parabens, No Colourants",Haircare,533,"Premium Haircare product: Herbal Essences Strawberry Shampoo & Conditioner For Voluminous Hair - No Parabens, No Colourants",images/128.jpg
129,Herbal Essences Strawberry Shampoo + Strawberry Conditioner,Haircare,667,Premium Haircare product: Herbal Essences Strawberry Shampoo + Strawberry Conditioner,images/129.jpg
130,Kat's Bold Night Look - Kay Beauty Matte Lipstick & Liquid Eyeliner,Makeup,1273,Premium Makeup product: Kat's Bold Night Look - Kay Beauty Matte Lipstick & Liquid Eyeliner,images/130.jpg
131,Kay Beauty Cocktail Hour Combo - Gel Eye Pencils In Gold & Olive,Beauty Tools,1018,Premium Beauty Tools product: Kay Beauty Cocktail Hour Combo - Gel Eye Pencils In Gold & Olive,images/131.jpg
132,Kay Beauty Colour Correcting Primer,Skincare,599,Premium Skincare product: Kay Beauty Colour Correcting Primer,images/132.jpg
133,Kay Beauty Colour Corrector Stick,Skincare,449,Premium Skincare product: Kay Beauty Colour Corrector Stick,images/133.jpg
134,Kay Beauty Contour Stick,Skincare,509,Premium Skincare product: Kay Beauty Contour Stick,images/134.jpg
135,Kay Beauty Creme Blush,Makeup,799,Premium Makeup product: Kay Beauty Creme Blush,images/135.jpg
136,Kay Beauty Eyeshadow Palette,Skincare,959,Premium Skincare product: Kay Beauty Eyeshadow Palette,images/136.jpg
137,Kay Beauty Gel Eye Pencil,Skincare,599,Premium Skincare product: Kay Beauty Gel Eye Pencil,images/137.jpg
138,Kay Beauty Glittery Glam Nails Look With Kay Beauty Nail Enamel Nail Polish,Skincare,356,Premium Skincare product: Kay Beauty Glittery Glam Nails Look With Kay Beauty Nail Enamel Nail Polish,images/138.jpg
139,Kay Beauty HD Liquid Colour Corrector,Skincare,679,Premium Skincare product: Kay Beauty HD Liquid Colour Corrector,images/139.jpg
140,Kay Beauty HD Translucent Loose Powder - White,Skincare,719,Premium Skincare product: Kay Beauty HD Translucent Loose Powder - White,images/140.jpg
141,Kay Beauty Hd Liquid Concealer,Makeup,679,Premium Makeup product: Kay Beauty Hd Liquid Concealer,images/141.jpg
142,Kay Beauty Hydrating Foundation,Makeup,900,Premium Makeup product: Kay Beauty Hydrating Foundation,images/142.jpg
143,Kay Beauty Illuminating Highlighter,Makeup,639,Premium Makeup product: Kay Beauty Illuminating Highlighter,images/143.jpg
144,Kay Beauty Island Vibes Combo - Gel Eye Pencils In Blue & Green,Beauty Tools,1018,Premium Beauty Tools product: Kay Beauty Island Vibes Combo - Gel Eye Pencils In Blue & Green,images/144.jpg
145,Kay Beauty Lip & Cheek Combo,Makeup,1358,Premium Makeup product: Kay Beauty Lip & Cheek Combo,images/145.jpg
146,Kay Beauty Matte Action Lip Liner,Makeup,413,Premium Makeup product: Kay Beauty Matte Action Lip Liner,images/146.jpg
147,Kay Beauty Matte Blush,Makeup,639,Premium Makeup product: Kay Beauty Matte Blush,images/147.jpg
148,Kay Beauty Matte Compact,Skincare,639,Premium Skincare product: Kay Beauty Matte Compact,images/148.jpg
149,Kay Beauty Matte Drama Long Stay Lipstick,Makeup,749,Premium Makeup product: Kay Beauty Matte Drama Long Stay Lipstick,images/149.jpg
150,Kay Beauty Matte HD Setting Loose Powder,Skincare,599,Premium Skincare product: Kay Beauty Matte HD Setting Loose Powder,images/150.jpg
151,Kay Beauty Matte Lips Combo - Lip Crayon - Wee Hours & Matte Lipstick - Backstage,Makeup,1438,Premium Makeup product: Kay Beauty Matte Lips Combo - Lip Crayon - Wee Hours & Matte Lipstick - Backstage,images/151.jpg
152,Kay Beauty Matteinee Matte Lip Crayon Lipstick,Makeup,639,Premium Makeup product: Kay Beauty Matteinee Matte Lip Crayon Lipstick,images/152.jpg
153,Kay Beauty Matteinee Matte Lip Crayon Lipstick Combo - Rom Com & Wee Hours,Makeup,1438,Premium Makeup product: Kay Beauty Matteinee Matte Lip Crayon Lipstick Combo - Rom Com & Wee Hours,images/153.jpg
154,Kay Beauty Metallic Eyeshadow Stick Pencil,Skincare,449,Premium Skincare product: Kay Beauty Metallic Eyeshadow Stick Pencil,images/154.jpg
155,Kay Beauty Nail Nourish Nail Emanel Combo - Carnival & Wine Berry,Beauty Tools,360,Premium Beauty Tools product: Kay Beauty Nail Nourish Nail Emanel Combo - Carnival & Wine Berry,images/155.jpg
156,Kay Beauty Nail Nourish Nail Enamel Polish,Skincare,169,Premium Skincare product: Kay Beauty Nail Nourish Nail Enamel Polish,images/156.jpg
157,Kay Beauty Paint Your Mood Nail Enamel Combo,Beauty Tools,506,Premium Beauty Tools product: Kay Beauty Paint Your Mood Nail Enamel Combo,images/157.jpg
158,Kay Beauty Pastel Crush Nail Enamel Combo- Tender Lavender + Aspire + Pink Gem,Beauty Tools,574,Premium Beauty Tools product: Kay Beauty Pastel Crush Nail Enamel Combo- Tender Lavender + Aspire + Pink Gem,images/158.jpg
159,Kay Beauty Pastel Perfection Nail Enamel Combo,Beauty Tools,360,Premium Beauty Tools product: Kay Beauty Pastel Perfection Nail Enamel Combo,images/159.jpg
160,Kay Beauty Quick Dry Liquid Eyeliner,Makeup,399,Premium Makeup product: Kay Beauty Quick Dry Liquid Eyeliner,images/160.jpg
161,Kay Beauty Shine On Combo - Gel Eye Pencils In Bronze & Green,Beauty Tools,1018,Premium Beauty Tools product: Kay Beauty Shine On Combo - Gel Eye Pencils In Bronze & Green,images/161.jpg
162,Kay Beauty Ultra Black Volume & Length Mascara - Midnight,Makeup,679,Premium Makeup product: Kay Beauty Ultra Black Volume & Length Mascara - Midnight,images/162.jpg
163,Kay Beauty Waterproof 24 Hour Kajal - Spade - Black,Skincare,249,Premium Skincare product: Kay Beauty Waterproof 24 Hour Kajal - Spade - Black,images/163.jpg
164,L'Oreal Paris Age 20+ Skin Perfect Cream UV Filters,Skincare,115,Premium Skincare product: L'Oreal Paris Age 20+ Skin Perfect Cream UV Filters,images/164.jpg
165,L'Oreal Paris Casting Creme Gloss Hair Color - 316 + Magic Retouch Instant Root Concealer - 2 Dark Brown,Makeup,929,Premium Makeup product: L'Oreal Paris Casting Creme Gloss Hair Color - 316 + Magic Retouch Instant Root Concealer - 2 Dark Brown,images/165.jpg
166,L'Oreal Paris Casting Creme Gloss Ultra Visible Conditioning Hair Color,Haircare,650,Premium Haircare product: L'Oreal Paris Casting Creme Gloss Ultra Visible Conditioning Hair Color,images/166.jpg
167,L'Oreal Paris Excellence Fashion Highlights Hair Color,Haircare,350,Premium Haircare product: L'Oreal Paris Excellence Fashion Highlights Hair Color,images/167.jpg
168,L'Oreal Paris Flash Cat Eye Eyeliner - Black,Makeup,799,Premium Makeup product: L'Oreal Paris Flash Cat Eye Eyeliner - Black,images/168.jpg
169,L'Oreal Paris Glycolic Bright Day Regime,Skincare,1102,Premium Skincare product: L'Oreal Paris Glycolic Bright Day Regime,images/169.jpg
170,L'Oreal Paris Hair Colour Protection Combo - Casting Creme Gloss Hair Colour 400 Dark Brown + Magic Retouch,Haircare,929,Premium Haircare product: L'Oreal Paris Hair Colour Protection Combo - Casting Creme Gloss Hair Colour 400 Dark Brown + Magic Retouch,images/170.jpg
171,L'Oreal Paris Infallible Gel Crayon Eyeliner,Makeup,429,Premium Makeup product: L'Oreal Paris Infallible Gel Crayon Eyeliner,images/171.jpg
172,L'Oreal Paris Infallible Le Rouge Lipstick,Makeup,990,Premium Makeup product: L'Oreal Paris Infallible Le Rouge Lipstick,images/172.jpg
173,L'Oreal Paris Infallible Mega Gloss,Skincare,830,Premium Skincare product: L'Oreal Paris Infallible Mega Gloss,images/173.jpg
174,L'Oreal Paris Infallible Pro-Spray & Set Makeup Extender,Makeup,999,Premium Makeup product: L'Oreal Paris Infallible Pro-Spray & Set Makeup Extender,images/174.jpg
175,L'Oreal Paris Infallible Ultra Matte Liquid Les Macarons Lipstick,Makeup,799,Premium Makeup product: L'Oreal Paris Infallible Ultra Matte Liquid Les Macarons Lipstick,images/175.jpg
176,L'Oreal Paris Le Bar Powder Blush - 8 City Explorer,Makeup,509,Premium Makeup product: L'Oreal Paris Le Bar Powder Blush - 8 City Explorer,images/176.jpg
177,L'Oreal Paris Magic Retouch Instant Root Concealer Spray,Makeup,299,Premium Makeup product: L'Oreal Paris Magic Retouch Instant Root Concealer Spray,images/177.jpg
178,L'Oreal Paris Matte Signature Eyeliner,Makeup,650,Premium Makeup product: L'Oreal Paris Matte Signature Eyeliner,images/178.jpg
179,L'Oreal Paris Superliner Black Lacquer,Skincare,799,Premium Skincare product: L'Oreal Paris Superliner Black Lacquer,images/179.jpg
180,L'Oreal Paris True Match BB Cream,Skincare,670,Premium Skincare product: L'Oreal Paris True Match BB Cream,images/180.jpg
181,L'Oreal Paris Volume Million Lashes Waterproof Mascara,Makeup,999,Premium Makeup product: L'Oreal Paris Volume Million Lashes Waterproof Mascara,images/181.jpg
182,L'Oreal Paris x Karl Lagerfeld Lipstick,Makeup,750,Premium Makeup product: L'Oreal Paris x Karl Lagerfeld Lipstick,images/182.jpg
183,Lakme 9 To 5 Matte Moist Mattifying Moisturiser,Skincare,279,Premium Skincare product: Lakme 9 To 5 Matte Moist Mattifying Moisturiser,images/183.jpg
184,Lakme 9to5 Primer + Matte Liquid Lip Color,Makeup,499,Premium Makeup product: Lakme 9to5 Primer + Matte Liquid Lip Color,images/184.jpg
185,Lakme Absolute Argan Oil Serum Foundation With SPF 45,Makeup,660,Premium Makeup product: Lakme Absolute Argan Oil Serum Foundation With SPF 45,images/185.jpg
186,Lakme Absolute Flutter Secrets Dramatic Eyes Mascara - Night Drama,Makeup,659,Premium Makeup product: Lakme Absolute Flutter Secrets Dramatic Eyes Mascara - Night Drama,images/186.jpg
187,Lakme Absolute Forever Silk Eyeliner,Makeup,395,Premium Makeup product: Lakme Absolute Forever Silk Eyeliner,images/187.jpg
188,Lakme Absolute Illuminating Blush Shimmer Brick,Makeup,616,Premium Makeup product: Lakme Absolute Illuminating Blush Shimmer Brick,images/188.jpg
189,Lakme Absolute Illuminating Blush Shimmer Brick - In Pink + Eyeconic Curling Mascara - Black Combo,Makeup,976,Premium Makeup product: Lakme Absolute Illuminating Blush Shimmer Brick - In Pink + Eyeconic Curling Mascara - Black Combo,images/189.jpg
190,Lakme Absolute Kohl Ultimate The Gelato Collection,Skincare,400,Premium Skincare product: Lakme Absolute Kohl Ultimate The Gelato Collection,images/190.jpg
191,Lakme Absolute Plush Matte Lip Crayon,Makeup,680,Premium Makeup product: Lakme Absolute Plush Matte Lip Crayon,images/191.jpg
192,Lakme Absolute White Intense SPF 20 Concealer Stick,Makeup,560,Premium Makeup product: Lakme Absolute White Intense SPF 20 Concealer Stick,images/192.jpg
193,Lakme Blush & Glow Lemon Freshness Gel Face Wash,Makeup,115,Premium Makeup product: Lakme Blush & Glow Lemon Freshness Gel Face Wash,images/193.jpg
194,Lakme Enrich Matte Lipstick,Makeup,320,Premium Makeup product: Lakme Enrich Matte Lipstick,images/194.jpg
195,Lakme Enrich Satin Lipstick,Makeup,260,Premium Makeup product: Lakme Enrich Satin Lipstick,images/195.jpg
196,Lakme Eye-conic Eyes Combo,Beauty Tools,630,Premium Beauty Tools product: Lakme Eye-conic Eyes Combo,images/196.jpg
197,Lakme Face Sheer Blusher,Makeup,383,Premium Makeup product: Lakme Face Sheer Blusher,images/197.jpg
198,Lakme Kajal - Black,Skincare,75,Premium Skincare product: Lakme Kajal - Black,images/198.jpg
199,Lakme Lip Gloss,Makeup,200,Premium Makeup product: Lakme Lip Gloss,images/199.jpg
200,Lakme Matte Ultimate Festive Lips Combo,Makeup,1650,Premium Makeup product: Lakme Matte Ultimate Festive Lips Combo,images/200.jpg
201,Lakme Peach Milk Moisturizer Spf 24 Pa++,Skincare,449,Premium Skincare product: Lakme Peach Milk Moisturizer Spf 24 Pa++,images/201.jpg
202,Lakme Perfect Definition Lipliner - Mauve Passion,Makeup,260,Premium Makeup product: Lakme Perfect Definition Lipliner - Mauve Passion,images/202.jpg
203,Lakme True Wear Nail Color,Skincare,125,Premium Skincare product: Lakme True Wear Nail Color,images/203.jpg
204,Masaba By Nykaa - Face Palm Lipstick & Nail Enamel Combo,Makeup,559,Premium Makeup product: Masaba By Nykaa - Face Palm Lipstick & Nail Enamel Combo,images/204.jpg
205,Masaba By Nykaa - You Croc My World Lipstick & Nail Enamel Combo,Makeup,559,Premium Makeup product: Masaba By Nykaa - You Croc My World Lipstick & Nail Enamel Combo,images/205.jpg
206,Masaba By Nykaa Lipstick,Makeup,300,Premium Makeup product: Masaba By Nykaa Lipstick,images/206.jpg
207,Masaba Signature Kit - Lipstick + Nail Paint + Mini Perfume,Makeup,768,Premium Makeup product: Masaba Signature Kit - Lipstick + Nail Paint + Mini Perfume,images/207.jpg
208,Masaba's Fiery Orange Look- Lipstick + Nail enamel- Can't Deal,Makeup,399,Premium Makeup product: Masaba's Fiery Orange Look- Lipstick + Nail enamel- Can't Deal,images/208.jpg
209,Maybelline New York Bold & Nude - Eye Combo,Beauty Tools,1448,Premium Beauty Tools product: Maybelline New York Bold & Nude - Eye Combo,images/209.jpg
210,Maybelline New York Clear Smooth All in One UV+ Lightening Oil Control Two Way Cake SPF 32 PA+++,Skincare,280,Premium Skincare product: Maybelline New York Clear Smooth All in One UV+ Lightening Oil Control Two Way Cake SPF 32 PA+++,images/210.jpg
211,Maybelline New York Color Sensational Matte Metallic Lipstick,Makeup,475,Premium Makeup product: Maybelline New York Color Sensational Matte Metallic Lipstick,images/211.jpg
212,Maybelline New York Color Sensational Satin Lipstick,Makeup,499,Premium Makeup product: Maybelline New York Color Sensational Satin Lipstick,images/212.jpg
213,Maybelline New York Colossal Mascara With 2 Free Sensational Liquid Matte Mini - Best Babe,Makeup,399,Premium Makeup product: Maybelline New York Colossal Mascara With 2 Free Sensational Liquid Matte Mini - Best Babe,images/213.jpg
214,Maybelline New York Define & Blend Brow Pencil,Skincare,295,Premium Skincare product: Maybelline New York Define & Blend Brow Pencil,images/214.jpg
215,Maybelline New York Face Studio Master Contour Palette,Skincare,950,Premium Skincare product: Maybelline New York Face Studio Master Contour Palette,images/215.jpg
216,Maybelline New York Facestudio Master Strobing Cream,Skincare,665,Premium Skincare product: Maybelline New York Facestudio Master Strobing Cream,images/216.jpg
217,Maybelline New York Fashion Brow Duo Shaper,Skincare,305,Premium Skincare product: Maybelline New York Fashion Brow Duo Shaper,images/217.jpg
218,Maybelline New York Fit Me Compact Powder,Skincare,450,Premium Skincare product: Maybelline New York Fit Me Compact Powder,images/218.jpg
219,Maybelline New York Lasting Drama Light Eyeliner Pencil,Makeup,325,Premium Makeup product: Maybelline New York Lasting Drama Light Eyeliner Pencil,images/219.jpg
220,Maybelline New York Liner & Palette Combo: Blushed Look,Makeup,1549,Premium Makeup product: Maybelline New York Liner & Palette Combo: Blushed Look,images/220.jpg
221,Maybelline New York Sensational Liquid Matte Minis Pack Of 3,Skincare,285,Premium Skincare product: Maybelline New York Sensational Liquid Matte Minis Pack Of 3,images/221.jpg
222,Maybelline New York Shine Compulsion Lipstick,Makeup,550,Premium Makeup product: Maybelline New York Shine Compulsion Lipstick,images/222.jpg
223,Maybelline New York Super Stay Matte Ink Liquid Lipstick Birthday Collection,Makeup,559,Premium Makeup product: Maybelline New York Super Stay Matte Ink Liquid Lipstick Birthday Collection,images/223.jpg
224,Maybelline New York Tattoo Studio Gel Eyeliner Pencil,Makeup,325,Premium Makeup product: Maybelline New York Tattoo Studio Gel Eyeliner Pencil,images/224.jpg
225,Maybelline New York The Blushed Nudes Eye Shadow Palette,Makeup,749,Premium Makeup product: Maybelline New York The Blushed Nudes Eye Shadow Palette,images/225.jpg
226,Maybelline New York The Colossal Liner - Black,Skincare,247,Premium Skincare product: Maybelline New York The Colossal Liner - Black,images/226.jpg
227,Maybelline New York V-Face Duo Stick,Skincare,670,Premium Skincare product: Maybelline New York V-Face Duo Stick,images/227.jpg
228,Moi Day & Night Fragrance Duo - Bisous + Matin,Fragrance,423,Premium Fragrance product: Moi Day & Night Fragrance Duo - Bisous + Matin,images/228.jpg
229,"NIVEA Sun Lotion, SPF 50, with UVA & UVB Protection, Water Resistant Sunscreen",Skincare,342,"Premium Skincare product: NIVEA Sun Lotion, SPF 50, with UVA & UVB Protection, Water Resistant Sunscreen",images/229.jpg
230,NYX Professional Makeup Born To Glow Liquid Illuminator,Makeup,723,Premium Makeup product: NYX Professional Makeup Born To Glow Liquid Illuminator,images/230.jpg
231,NYX Professional Makeup Diamonds & Ice - Please Setting Spray Kit,Makeup,1999,Premium Makeup product: NYX Professional Makeup Diamonds & Ice - Please Setting Spray Kit,images/231.jpg
232,NYX Professional Makeup Liquid Suede Cream Lipstick,Makeup,850,Premium Makeup product: NYX Professional Makeup Liquid Suede Cream Lipstick,images/232.jpg
233,NYX Professional Makeup Long Lasting Makeup Setting Spray Radiant Finish,Makeup,875,Premium Makeup product: NYX Professional Makeup Long Lasting Makeup Setting Spray Radiant Finish,images/233.jpg
234,NYX Professional Makeup Pore Filler,Makeup,1450,Premium Makeup product: NYX Professional Makeup Pore Filler,images/234.jpg
235,NYX Professional Makeup Powder Puff Lippie Cream,Makeup,488,Premium Makeup product: NYX Professional Makeup Powder Puff Lippie Cream,images/235.jpg
236,NYX Professional Makeup Suede Matte Lip Liner,Makeup,450,Premium Makeup product: NYX Professional Makeup Suede Matte Lip Liner,images/236.jpg
237,NYX Professional Makeup Ultimate Multi-Finish Shadow Palette,Makeup,1725,Premium Makeup product: NYX Professional Makeup Ultimate Multi-Finish Shadow Palette,images/237.jpg
238,NYX Professional Makeup Wonder Stick,Makeup,835,Premium Makeup product: NYX Professional Makeup Wonder Stick,images/238.jpg
239,Nivea Naturally Good Care Box,Skincare,1078,Premium Skincare product: Nivea Naturally Good Care Box,images/239.jpg
240,Nykaa 3 Ply Mask With Face Shield,Skincare,45,Premium Skincare product: Nykaa 3 Ply Mask With Face Shield,images/240.jpg
241,Nykaa All Day Matte Long Wear Foundation + Compact - Ivory,Makeup,742,Premium Makeup product: Nykaa All Day Matte Long Wear Foundation + Compact - Ivory,images/241.jpg
242,Nykaa All Thing Glam Makeup Bag - Golden Hour,Makeup,225,Premium Makeup product: Nykaa All Thing Glam Makeup Bag - Golden Hour,images/242.jpg
243,Nykaa All Thing Glam Makeup Bag - Pristine White,Makeup,225,Premium Makeup product: Nykaa All Thing Glam Makeup Bag - Pristine White,images/243.jpg
244,Nykaa Anti Acne Combo (Spot Patch + Face Wash + Sleeping Mask),Beauty Tools,311,Premium Beauty Tools product: Nykaa Anti Acne Combo (Spot Patch + Face Wash + Sleeping Mask),images/244.jpg
245,"Nykaa Apple Cider Vinegar & Ginger Anti-Dandruff Shampoo,Conditioner,Hair Mask and Wrap Combo",Haircare,1232,"Premium Haircare product: Nykaa Apple Cider Vinegar & Ginger Anti-Dandruff Shampoo,Conditioner,Hair Mask and Wrap Combo",images/245.jpg
246,Nykaa Bestsellers - So Creme Lipstick - Wakeup Makeup + All Day Matte Liquid Lipstick - Soul Sister,Makeup,551,Premium Makeup product: Nykaa Bestsellers - So Creme Lipstick - Wakeup Makeup + All Day Matte Liquid Lipstick - Soul Sister,images/246.jpg
247,Nykaa BlendPro Highlighting Fan Makeup Brush,Makeup,319,Premium Makeup product: Nykaa BlendPro Highlighting Fan Makeup Brush,images/247.jpg
248,Nykaa BlendPro Powder Stippling Makeup Brush,Makeup,449,Premium Makeup product: Nykaa BlendPro Powder Stippling Makeup Brush,images/248.jpg
249,Nykaa Bling It On Pouch,Skincare,225,Premium Skincare product: Nykaa Bling It On Pouch,images/249.jpg
250,Nykaa Bling It On! Mini Travel-Size Makeup Pouch - Blushing Gold,Makeup,169,Premium Makeup product: Nykaa Bling It On! Mini Travel-Size Makeup Pouch - Blushing Gold,images/250.jpg
251,Nykaa Bling It On! Mini Travel-Size Makeup Pouch - Stormy Goddess,Makeup,169,Premium Makeup product: Nykaa Bling It On! Mini Travel-Size Makeup Pouch - Stormy Goddess,images/251.jpg
252,Nykaa Contour & Conquer - Contour and Highlight Duo - Sizzle Chisel 01,Skincare,559,Premium Skincare product: Nykaa Contour & Conquer - Contour and Highlight Duo - Sizzle Chisel 01,images/252.jpg
253,Nykaa Cosmetics All Day Matte Long Wear Foundation + Compact - Beige,Makeup,742,Premium Makeup product: Nykaa Cosmetics All Day Matte Long Wear Foundation + Compact - Beige,images/253.jpg
254,Nykaa Cosmetics Best Of Matte To Last In Minis- Janhvi + Madras Kaapi + Maharani,Skincare,574,Premium Skincare product: Nykaa Cosmetics Best Of Matte To Last In Minis- Janhvi + Madras Kaapi + Maharani,images/254.jpg
255,Nykaa Cosmetics BlendPro Highlighting Fan Makeup Brush & Foundation Makeup Brush Combo,Makeup,674,Premium Makeup product: Nykaa Cosmetics BlendPro Highlighting Fan Makeup Brush & Foundation Makeup Brush Combo,images/255.jpg
256,Nykaa Cosmetics Blendpro Powder Brushes Combo,Beauty Tools,909,Premium Beauty Tools product: Nykaa Cosmetics Blendpro Powder Brushes Combo,images/256.jpg
257,Nykaa Cosmetics Breathable Nail Enamel Combo-Easy Nude + Dreamy Dahlia,Beauty Tools,318,Premium Beauty Tools product: Nykaa Cosmetics Breathable Nail Enamel Combo-Easy Nude + Dreamy Dahlia,images/257.jpg
258,Nykaa Cosmetics Breathable Nail Enamel Set Of 4- Downtime Daisy + Lazy Lilac + Sea Breeze+Stay Zen,Skincare,637,Premium Skincare product: Nykaa Cosmetics Breathable Nail Enamel Set Of 4- Downtime Daisy + Lazy Lilac + Sea Breeze+Stay Zen,images/258.jpg
259,Nykaa Cosmetics Eyes On Me ! 4 In 1 Quad Eyeshadow Palette Desk To Date + Night Out,Skincare,558,Premium Skincare product: Nykaa Cosmetics Eyes On Me ! 4 In 1 Quad Eyeshadow Palette Desk To Date + Night Out,images/259.jpg
260,Nykaa Cosmetics Gel Shine Manicure- Nail Lacquer + Nail Care + Nail Enamel Remover,Skincare,798,Premium Skincare product: Nykaa Cosmetics Gel Shine Manicure- Nail Lacquer + Nail Care + Nail Enamel Remover,images/260.jpg
261,Nykaa Cosmetics Get Set Matte Liquid Lipstick Duo - G.O.A.T + LIT,Makeup,450,Premium Makeup product: Nykaa Cosmetics Get Set Matte Liquid Lipstick Duo - G.O.A.T + LIT,images/261.jpg
262,Nykaa Cosmetics Get Set Matte Look- All Day Matte compact powder- Maple + So Creme Matte Lipstick- Day Dreaming,Makeup,393,Premium Makeup product: Nykaa Cosmetics Get Set Matte Look- All Day Matte compact powder- Maple + So Creme Matte Lipstick- Day Dreaming,images/262.jpg
263,Nykaa Cosmetics Glam Eyes Look-Glamoreyes Coloured Liquid EyelinerChaotic Calypso+Enchanting Forest,Makeup,478,Premium Makeup product: Nykaa Cosmetics Glam Eyes Look-Glamoreyes Coloured Liquid EyelinerChaotic Calypso+Enchanting Forest,images/263.jpg
264,Nykaa Cosmetics Masaba By Nykaa Mini Pocket Perfume,Fragrance,224,Premium Fragrance product: Nykaa Cosmetics Masaba By Nykaa Mini Pocket Perfume,images/264.jpg
265,Nykaa Cosmetics Mini Skinshield Anti-pollution Matte Foundation - Very Vanilla 02,Makeup,169,Premium Makeup product: Nykaa Cosmetics Mini Skinshield Anti-pollution Matte Foundation - Very Vanilla 02,images/265.jpg
266,Nykaa Cosmetics Pastel Manicure Kit,Skincare,736,Premium Skincare product: Nykaa Cosmetics Pastel Manicure Kit,images/266.jpg
267,Nykaa Cosmetics So Matte Mini Nude Lipsticks - Bon Bon + Totes Natural + Cinnamon Crunch,Makeup,448,Premium Makeup product: Nykaa Cosmetics So Matte Mini Nude Lipsticks - Bon Bon + Totes Natural + Cinnamon Crunch,images/267.jpg
268,Nykaa Cosmetics Trending Neons Matte Nail Enamel - Cherry Pop + Lemonade Fizz + Pink Lemonade,Skincare,448,Premium Skincare product: Nykaa Cosmetics Trending Neons Matte Nail Enamel - Cherry Pop + Lemonade Fizz + Pink Lemonade,images/268.jpg
269,Nykaa Cosmetics Ultra Matte Lipsticks - Grace + Marilyn + Neferti,Makeup,574,Premium Makeup product: Nykaa Cosmetics Ultra Matte Lipsticks - Grace + Marilyn + Neferti,images/269.jpg
270,Nykaa Dual Tone Nail Enamel Remover,Skincare,99,Premium Skincare product: Nykaa Dual Tone Nail Enamel Remover,images/270.jpg
271,Nykaa Face and Eye Shield Mask,Skincare,239,Premium Skincare product: Nykaa Face and Eye Shield Mask,images/271.jpg
272,Nykaa Facial Ice Globes for Depuffing & Skin Tightening,Skincare,2774,Premium Skincare product: Nykaa Facial Ice Globes for Depuffing & Skin Tightening,images/272.jpg
273,Nykaa GLAMOReyes Coloured Liquid Eyeliner - 05 Dragon's Heart,Makeup,239,Premium Makeup product: Nykaa GLAMOReyes Coloured Liquid Eyeliner - 05 Dragon's Heart,images/273.jpg
274,Nykaa Get Set Matte! Demi Matte Lip Cream Liquid Lipstick - BASIC,Makeup,450,Premium Makeup product: Nykaa Get Set Matte! Demi Matte Lip Cream Liquid Lipstick - BASIC,images/274.jpg
275,Nykaa Get Winged! Sketch Eyeliner Pen - Black Swan 01,Makeup,360,Premium Makeup product: Nykaa Get Winged! Sketch Eyeliner Pen - Black Swan 01,images/275.jpg
276,Nykaa Glamoreyes Coloured Liquid Eyeliner & Pencil Duo - Chaotic Calypso + Jade Jinx,Makeup,637,Premium Makeup product: Nykaa Glamoreyes Coloured Liquid Eyeliner & Pencil Duo - Chaotic Calypso + Jade Jinx,images/276.jpg
277,Nykaa Lash Talk False Eyelash,Skincare,149,Premium Skincare product: Nykaa Lash Talk False Eyelash,images/277.jpg
278,Nykaa Lash Talk False Eyelash - Major Length,Skincare,149,Premium Skincare product: Nykaa Lash Talk False Eyelash - Major Length,images/278.jpg
279,Nykaa Love Struck Skip A Beat Body Lotion + Perfume,Fragrance,779,Premium Fragrance product: Nykaa Love Struck Skip A Beat Body Lotion + Perfume,images/279.jpg
280,Nykaa Love Struck Tender Touch Shower Gel + Body Lotion + Perfume,Fragrance,1118,Premium Fragrance product: Nykaa Love Struck Tender Touch Shower Gel + Body Lotion + Perfume,images/280.jpg
281,Nykaa Matte To Last! Mini Liquid Lipstick - Maithili 25,Makeup,203,Premium Makeup product: Nykaa Matte To Last! Mini Liquid Lipstick - Maithili 25,images/281.jpg
282,Nykaa Matte to Last! Metallic Liquid Lipstick and Eyeshadow,Makeup,313,Premium Makeup product: Nykaa Matte to Last! Metallic Liquid Lipstick and Eyeshadow,images/282.jpg
283,Nykaa Matte to Last! Mini Liquid Lipstick - Jhumki 14,Makeup,203,Premium Makeup product: Nykaa Matte to Last! Mini Liquid Lipstick - Jhumki 14,images/283.jpg
284,Nykaa Matte to Last! Mini Metallic Liquid Lipstick and Eyeshadow,Makeup,125,Premium Makeup product: Nykaa Matte to Last! Mini Metallic Liquid Lipstick and Eyeshadow,images/284.jpg
285,Nykaa Mermaid Squad Pouch,Skincare,450,Premium Skincare product: Nykaa Mermaid Squad Pouch,images/285.jpg
286,Nykaa Metal Addict Makeup Bag - Blushing Gold,Makeup,300,Premium Makeup product: Nykaa Metal Addict Makeup Bag - Blushing Gold,images/286.jpg
287,Nykaa Mini Skinshield Anti-pollution Matte Foundation,Makeup,169,Premium Makeup product: Nykaa Mini Skinshield Anti-pollution Matte Foundation,images/287.jpg
288,Nykaa Mirror Shine Trousseau Box,Skincare,1199,Premium Skincare product: Nykaa Mirror Shine Trousseau Box,images/288.jpg
289,Nykaa Mirror Shine Trousseau Box - Rose Gold,Skincare,1599,Premium Skincare product: Nykaa Mirror Shine Trousseau Box - Rose Gold,images/289.jpg
290,"Nykaa Moi Fragrance Mini Bar Combo- Amour, Bisous, Joie De Vivre, Raison D'Etre",Fragrance,847,"Premium Fragrance product: Nykaa Moi Fragrance Mini Bar Combo- Amour, Bisous, Joie De Vivre, Raison D'Etre",images/290.jpg
291,Nykaa Nail Enamel Combos- Barefoot Stroll + Purple Unicorn + Hasta La Pista Creme,Beauty Tools,483,Premium Beauty Tools product: Nykaa Nail Enamel Combos- Barefoot Stroll + Purple Unicorn + Hasta La Pista Creme,images/291.jpg
292,Nykaa Naturals 2 in 1 Vibrating Face Roller With Under Eye Massager - Green Jade,Skincare,2309,Premium Skincare product: Nykaa Naturals 2 in 1 Vibrating Face Roller With Under Eye Massager - Green Jade,images/292.jpg
293,Nykaa Naturals 4 Shampoo Combo-Onion+Apple Cider Vinegar+Amla & Curry Leaves+Fermented Rice Water,Haircare,1037,Premium Haircare product: Nykaa Naturals 4 Shampoo Combo-Onion+Apple Cider Vinegar+Amla & Curry Leaves+Fermented Rice Water,images/293.jpg
294,Nykaa Naturals 5 Shampoo Combo-Onion +Apple Cider Vinegar +Amla +Fermented Rice Water+Reetha,Haircare,1297,Premium Haircare product: Nykaa Naturals 5 Shampoo Combo-Onion +Apple Cider Vinegar +Amla +Fermented Rice Water+Reetha,images/294.jpg
295,Nykaa Naturals Anti-Pigmentation & De-tanning Face Wash Combo - Papaya +Sandalwood & Orange Peel,Beauty Tools,195,Premium Beauty Tools product: Nykaa Naturals Anti-Pigmentation & De-tanning Face Wash Combo - Papaya +Sandalwood & Orange Peel,images/295.jpg
296,Nykaa Naturals Anti-pigmentation & Purifying Skin Face Wash Combo,Beauty Tools,209,Premium Beauty Tools product: Nykaa Naturals Anti-pigmentation & Purifying Skin Face Wash Combo,images/296.jpg
297,Nykaa Naturals Anti-pigmentation & Radiant Skin Face Wash Combo,Beauty Tools,195,Premium Beauty Tools product: Nykaa Naturals Anti-pigmentation & Radiant Skin Face Wash Combo,images/297.jpg
298,Nykaa Naturals Anti-pigmentation Face Wash + Nykaa Tea Tree & Salicylic Acid Spot Patch,Skincare,167,Premium Skincare product: Nykaa Naturals Anti-pigmentation Face Wash + Nykaa Tea Tree & Salicylic Acid Spot Patch,images/298.jpg
299,Nykaa Naturals Apple Cider Vinegar & Ginger Anti- Dandruff Shampoo and Hair Wrap Combo,Haircare,674,Premium Haircare product: Nykaa Naturals Apple Cider Vinegar & Ginger Anti- Dandruff Shampoo and Hair Wrap Combo,images/299.jpg
300,"Nykaa Naturals Apple Cider Vinegar & Ginger Anti-Dandruff Oil, Shampoo, Mask & Wrap Combo",Haircare,1362,"Premium Haircare product: Nykaa Naturals Apple Cider Vinegar & Ginger Anti-Dandruff Oil, Shampoo, Mask & Wrap Combo",images/300.jpg
301,Nykaa Naturals Apple Cider Vinegar & Ginger Anti-dandruff Hair Oil + Shampoo + Massager Combo,Haircare,1048,Premium Haircare product: Nykaa Naturals Apple Cider Vinegar & Ginger Anti-dandruff Hair Oil + Shampoo + Massager Combo,images/301.jpg
302,Nykaa Naturals Apple Cider Vinegar & Ginger Anti-dandruff Hair Oil And Shampoo Combo,Haircare,749,Premium Haircare product: Nykaa Naturals Apple Cider Vinegar & Ginger Anti-dandruff Hair Oil And Shampoo Combo,images/302.jpg
303,"Nykaa Naturals Apple Cider Vinegar & Ginger Anti-dandruff Hair Oil, Shampoo And Hair Mask Combo",Haircare,1118,"Premium Haircare product: Nykaa Naturals Apple Cider Vinegar & Ginger Anti-dandruff Hair Oil, Shampoo And Hair Mask Combo",images/303.jpg
304,"Nykaa Naturals Apple Cider Vinegar & Ginger Anti-dandruff Hair Oil, Shampoo And Hair Wrap Combo",Haircare,1048,"Premium Haircare product: Nykaa Naturals Apple Cider Vinegar & Ginger Anti-dandruff Hair Oil, Shampoo And Hair Wrap Combo",images/304.jpg
305,"Nykaa Naturals Apple Cider Vinegar & Ginger Anti-dandruff Oil, Shampoo, Conditioner & Wrap Combo",Haircare,1232,"Premium Haircare product: Nykaa Naturals Apple Cider Vinegar & Ginger Anti-dandruff Oil, Shampoo, Conditioner & Wrap Combo",images/305.jpg
306,"Nykaa Naturals Apple Cider Vinegar & Ginger Hair Oil, Shampoo And Conditioner - Anti Dandruff Combo",Haircare,978,"Premium Haircare product: Nykaa Naturals Apple Cider Vinegar & Ginger Hair Oil, Shampoo And Conditioner - Anti Dandruff Combo",images/306.jpg
307,Nykaa Naturals Apple Cider Vinegar & Ginger Shampoo & Conditioner- Anti-Dandruff Combo,Haircare,599,Premium Haircare product: Nykaa Naturals Apple Cider Vinegar & Ginger Shampoo & Conditioner- Anti-Dandruff Combo,images/307.jpg
308,Nykaa Naturals Apple Cider Vinegar & Ginger Shampoo & Hair Mask,Haircare,749,Premium Haircare product: Nykaa Naturals Apple Cider Vinegar & Ginger Shampoo & Hair Mask,images/308.jpg
309,Nykaa Naturals Apple Cider Vinegar & Ginger Shampoo - Pack of 2,Haircare,599,Premium Haircare product: Nykaa Naturals Apple Cider Vinegar & Ginger Shampoo - Pack of 2,images/309.jpg
310,Nykaa Naturals Apple Cider Vinegar & Ginger Shampoo - Pack of 3,Haircare,838,Premium Haircare product: Nykaa Naturals Apple Cider Vinegar & Ginger Shampoo - Pack of 3,images/310.jpg
311,"Nykaa Naturals Apple Cider Vinegar & Ginger Shampoo, Conditioner & Hair Wrap - Anti Dandruff Combo",Haircare,908,"Premium Haircare product: Nykaa Naturals Apple Cider Vinegar & Ginger Shampoo, Conditioner & Hair Wrap - Anti Dandruff Combo",images/311.jpg
312,Nykaa Naturals Calming & De-tanning Face Wash Combo,Beauty Tools,195,Premium Beauty Tools product: Nykaa Naturals Calming & De-tanning Face Wash Combo,images/312.jpg
313,Nykaa Naturals Calming Face Wash + Face Scrub + Clay It Cool Oil Control Clay Mask,Skincare,691,Premium Skincare product: Nykaa Naturals Calming Face Wash + Face Scrub + Clay It Cool Oil Control Clay Mask,images/313.jpg
314,Nykaa Naturals Calming Face Wash + Nykaa Clay It Cool Oil Control Clay Mask,Skincare,517,Premium Skincare product: Nykaa Naturals Calming Face Wash + Nykaa Clay It Cool Oil Control Clay Mask,images/314.jpg
315,Nykaa Naturals Calming Face Wash + Nykaa Tea Tree & Salicylic Acid Spot Patch,Skincare,203,Premium Skincare product: Nykaa Naturals Calming Face Wash + Nykaa Tea Tree & Salicylic Acid Spot Patch,images/315.jpg
316,Nykaa Naturals Calming Face Wash + Tea Tree & Salicylic Acid Spot Patch + Witch Hazel & AHA Sleeping Mask,Skincare,311,Premium Skincare product: Nykaa Naturals Calming Face Wash + Tea Tree & Salicylic Acid Spot Patch + Witch Hazel & AHA Sleeping Mask,images/316.jpg
317,Nykaa Naturals Charcoal & Bamboo Deep Detox And Cleanse Shampoo - Pack Of 2,Haircare,599,Premium Haircare product: Nykaa Naturals Charcoal & Bamboo Deep Detox And Cleanse Shampoo - Pack Of 2,images/317.jpg
318,Nykaa Naturals Charcoal & Bamboo Shampoo And Hair Wrap Combo,Haircare,723,Premium Haircare product: Nykaa Naturals Charcoal & Bamboo Shampoo And Hair Wrap Combo,images/318.jpg
319,Nykaa Naturals Clay It Cool Daily Detox Clay Mask + Perfect Glow Clay Mask for Supple Skin,Skincare,899,Premium Skincare product: Nykaa Naturals Clay It Cool Daily Detox Clay Mask + Perfect Glow Clay Mask for Supple Skin,images/319.jpg
320,Nykaa Naturals CleanTouch 2 in 1 Face Brush & Massager for Deep Cleansing & Exfoliation,Beauty Tools,1799,Premium Beauty Tools product: Nykaa Naturals CleanTouch 2 in 1 Face Brush & Massager for Deep Cleansing & Exfoliation,images/320.jpg
321,Nykaa Naturals CleanTouch 2 in 1 Face Brush & Massager for Deep Cleansing & Exfoliation - Pink,Beauty Tools,2249,Premium Beauty Tools product: Nykaa Naturals CleanTouch 2 in 1 Face Brush & Massager for Deep Cleansing & Exfoliation - Pink,images/321.jpg
322,Nykaa Naturals De-tanning Face Wash + Face Scrub + Clay It Cool Daily Detox Clay Mask,Skincare,691,Premium Skincare product: Nykaa Naturals De-tanning Face Wash + Face Scrub + Clay It Cool Daily Detox Clay Mask,images/322.jpg
323,Nykaa Naturals Glow Boosting Skin Potion + Anti- Ageing Skin Potion Face Oil,Skincare,1049,Premium Skincare product: Nykaa Naturals Glow Boosting Skin Potion + Anti- Ageing Skin Potion Face Oil,images/323.jpg
324,Nykaa Naturals Hydrating Face Wash + Nykaa Tea Tree & Salicylic Acid Spot Patch,Skincare,203,Premium Skincare product: Nykaa Naturals Hydrating Face Wash + Nykaa Tea Tree & Salicylic Acid Spot Patch,images/324.jpg
325,Nykaa Naturals Ice Roller for De-puffing and Face Toning Massage - Blue,Skincare,1124,Premium Skincare product: Nykaa Naturals Ice Roller for De-puffing and Face Toning Massage - Blue,images/325.jpg
326,Nykaa Naturals Ice Roller for De-puffing and Face Toning Massage - Lavender,Skincare,1124,Premium Skincare product: Nykaa Naturals Ice Roller for De-puffing and Face Toning Massage - Lavender,images/326.jpg
327,Nykaa Naturals Ice Roller for De-puffing and Face Toning Massage - Pink,Skincare,1124,Premium Skincare product: Nykaa Naturals Ice Roller for De-puffing and Face Toning Massage - Pink,images/327.jpg
328,Nykaa Naturals Jade Comb For Hair Growth And Scalp Health - Green Jade,Haircare,1889,Premium Haircare product: Nykaa Naturals Jade Comb For Hair Growth And Scalp Health - Green Jade,images/328.jpg
329,Nykaa Naturals Mini Shampoo,Haircare,99,Premium Haircare product: Nykaa Naturals Mini Shampoo,images/329.jpg
330,Nykaa Naturals Onion & Fenugreek + Apple Cider & Vinegar + Amla & Curry Leaves Shampoo - Pack of 3,Haircare,838,Premium Haircare product: Nykaa Naturals Onion & Fenugreek + Apple Cider & Vinegar + Amla & Curry Leaves Shampoo - Pack of 3,images/330.jpg
331,Nykaa Naturals Radiance Face Wash + Nykaa Clay It Cool Perfect Glow Clay Mask,Skincare,517,Premium Skincare product: Nykaa Naturals Radiance Face Wash + Nykaa Clay It Cool Perfect Glow Clay Mask,images/331.jpg
332,Nykaa Naturals Radiance Face Wash + Nykaa Tea Tree & Salicylic Acid Spot Patch,Skincare,203,Premium Skincare product: Nykaa Naturals Radiance Face Wash + Nykaa Tea Tree & Salicylic Acid Spot Patch,images/332.jpg
333,Nykaa Naturals Reetha & Shikakai Shampoo For Dull & Brittle Hair - Pack Of 2,Haircare,599,Premium Haircare product: Nykaa Naturals Reetha & Shikakai Shampoo For Dull & Brittle Hair - Pack Of 2,images/333.jpg
334,Nykaa Oh My Brow! Eyebrow Mascara - Sirius Brown,Makeup,449,Premium Makeup product: Nykaa Oh My Brow! Eyebrow Mascara - Sirius Brown,images/334.jpg
335,Nykaa Paintstix! Waterproof Matte Lipstick - Flower Power,Makeup,424,Premium Makeup product: Nykaa Paintstix! Waterproof Matte Lipstick - Flower Power,images/335.jpg
336,Nykaa Paintstix! Waterproof Matte Lipstick - Polka Dots,Makeup,374,Premium Makeup product: Nykaa Paintstix! Waterproof Matte Lipstick - Polka Dots,images/336.jpg
337,Nykaa Party Edit Clutch,Skincare,749,Premium Skincare product: Nykaa Party Edit Clutch,images/337.jpg
338,Nykaa Prep Me Up Primer + All Day Matte Foundation Perfect Your Base Combo,Makeup,1078,Premium Makeup product: Nykaa Prep Me Up Primer + All Day Matte Foundation Perfect Your Base Combo,images/338.jpg
339,Nykaa Prove Your Point Cosmetic Sharpener! - 6112,Skincare,149,Premium Skincare product: Nykaa Prove Your Point Cosmetic Sharpener! - 6112,images/339.jpg
340,Nykaa SKINgenius BB Cream SPF30,Skincare,262,Premium Skincare product: Nykaa SKINgenius BB Cream SPF30,images/340.jpg
341,Nykaa SKINgenius BB Cream SPF30 - Soft Beige 02,Skincare,297,Premium Skincare product: Nykaa SKINgenius BB Cream SPF30 - Soft Beige 02,images/341.jpg
342,Nykaa SKINgenius Foundation Stick Conceal Contour & Corrector - Golden Hazelnut 06,Makeup,394,Premium Makeup product: Nykaa SKINgenius Foundation Stick Conceal Contour & Corrector - Golden Hazelnut 06,images/342.jpg
343,Nykaa SKINgenius Foundation Stick Conceal Contour & Corrector - Toffee Chisel 07,Makeup,446,Premium Makeup product: Nykaa SKINgenius Foundation Stick Conceal Contour & Corrector - Toffee Chisel 07,images/343.jpg
344,Nykaa SKINgenius Skin Perfecting & Hydrating Matte Powder Compact,Skincare,368,Premium Skincare product: Nykaa SKINgenius Skin Perfecting & Hydrating Matte Powder Compact,images/344.jpg
345,Nykaa SKINgenius Skin Perfecting & Hydrating Matte Powder Compact - Rose Beige 02,Skincare,446,Premium Skincare product: Nykaa SKINgenius Skin Perfecting & Hydrating Matte Powder Compact - Rose Beige 02,images/345.jpg
346,Nykaa Serial Kisser Lip Balm - Grape,Makeup,119,Premium Makeup product: Nykaa Serial Kisser Lip Balm - Grape,images/346.jpg
347,Nykaa Serial Kisser Lip Balm - Pinacolada,Makeup,127,Premium Makeup product: Nykaa Serial Kisser Lip Balm - Pinacolada,images/347.jpg
348,Nykaa Serial Kisser Lip Balm - Pomegranate,Makeup,112,Premium Makeup product: Nykaa Serial Kisser Lip Balm - Pomegranate,images/348.jpg
349,Nykaa Serial Kisser Lip Balm - Raspberry,Makeup,112,Premium Makeup product: Nykaa Serial Kisser Lip Balm - Raspberry,images/349.jpg
350,Nykaa Serial Kisser Lip Balm Combo - Strawberry & Raspberry,Makeup,209,Premium Makeup product: Nykaa Serial Kisser Lip Balm Combo - Strawberry & Raspberry,images/350.jpg
351,Nykaa Skin Secrets Tea Tree & Salicylic Acid Spot Patch,Skincare,90,Premium Skincare product: Nykaa Skin Secrets Tea Tree & Salicylic Acid Spot Patch,images/351.jpg
352,Nykaa So Matte! Mini Lipstick - 01 Notorious Red,Makeup,159,Premium Makeup product: Nykaa So Matte! Mini Lipstick - 01 Notorious Red,images/352.jpg
353,Nykaa So Matte! Mini Lipstick - 03 Devious Pink,Makeup,159,Premium Makeup product: Nykaa So Matte! Mini Lipstick - 03 Devious Pink,images/353.jpg
354,Nykaa So Matte! Mini Lipstick - 17 M Cranberry Sangria,Makeup,159,Premium Makeup product: Nykaa So Matte! Mini Lipstick - 17 M Cranberry Sangria,images/354.jpg
355,Nykaa So Matte! Mini Lipstick - 17 M Cranberry Sangria,Makeup,199,Premium Makeup product: Nykaa So Matte! Mini Lipstick - 17 M Cranberry Sangria,images/355.jpg
356,Nykaa So Matte! Mini Lipstick - 26 M Bon Bon,Makeup,179,Premium Makeup product: Nykaa So Matte! Mini Lipstick - 26 M Bon Bon,images/356.jpg
357,Nykaa So Matte! Mini Lipstick - 30 M Regal Ruby,Makeup,159,Premium Makeup product: Nykaa So Matte! Mini Lipstick - 30 M Regal Ruby,images/357.jpg
358,Nykaa So Matte! Mini Lipstick - 37 M Beachy Peachy,Makeup,159,Premium Makeup product: Nykaa So Matte! Mini Lipstick - 37 M Beachy Peachy,images/358.jpg
359,Nykaa So Matte! Mini Lipstick - 45 M Dirty Peach,Makeup,169,Premium Makeup product: Nykaa So Matte! Mini Lipstick - 45 M Dirty Peach,images/359.jpg
360,Nykaa Strobe & Glow Liquid Highlighter,Makeup,559,Premium Makeup product: Nykaa Strobe & Glow Liquid Highlighter,images/360.jpg
361,Nykaa Strobe & Glow Liquid Highlighter - Blushed Moonlight,Makeup,699,Premium Makeup product: Nykaa Strobe & Glow Liquid Highlighter - Blushed Moonlight,images/361.jpg
362,Nykaa Strobe & Glow Liquid Highlighter - Glazed Bronze,Makeup,594,Premium Makeup product: Nykaa Strobe & Glow Liquid Highlighter - Glazed Bronze,images/362.jpg
363,Nykaa Sun Gaze Holographic Vanity Kit 2,Skincare,638,Premium Skincare product: Nykaa Sun Gaze Holographic Vanity Kit 2,images/363.jpg
364,Nykaa Tea Tree & Salicylic Acid Spot Patch + Nykaa Retinol & Hyaluronic Acid Sleeping Mask,Skincare,206,Premium Skincare product: Nykaa Tea Tree & Salicylic Acid Spot Patch + Nykaa Retinol & Hyaluronic Acid Sleeping Mask,images/364.jpg
365,Nykaa Tea Tree & Salicylic Acid Spot Patch + Nykaa Rice Water & Vitamin C Sleeping Mask,Skincare,206,Premium Skincare product: Nykaa Tea Tree & Salicylic Acid Spot Patch + Nykaa Rice Water & Vitamin C Sleeping Mask,images/365.jpg
366,Nykaa Tea Tree & Salicylic Acid Spot Patch + Nykaa Saffron & Honey Face Wash,Skincare,203,Premium Skincare product: Nykaa Tea Tree & Salicylic Acid Spot Patch + Nykaa Saffron & Honey Face Wash,images/366.jpg
367,Nykaa Tea Tree & Salicylic Acid Spot Patch + Nykaa Sandalwood & Orange Peel Face Wash,Skincare,179,Premium Skincare product: Nykaa Tea Tree & Salicylic Acid Spot Patch + Nykaa Sandalwood & Orange Peel Face Wash,images/367.jpg
368,Nykaa Tea Tree & Salicylic Acid Spot Patch + Nykaa Tea Tree & Aloe Vera Sleeping Mask,Skincare,206,Premium Skincare product: Nykaa Tea Tree & Salicylic Acid Spot Patch + Nykaa Tea Tree & Aloe Vera Sleeping Mask,images/368.jpg
369,Nykaa Tea Tree & Salicylic Acid Spot Patch + Nykaa Tea Tree & Neem Face Wash,Skincare,179,Premium Skincare product: Nykaa Tea Tree & Salicylic Acid Spot Patch + Nykaa Tea Tree & Neem Face Wash,images/369.jpg
370,Nykaa Tea Tree & Salicylic Acid Spot Patch for Pimple Care - Pack Of 10,Skincare,850,Premium Skincare product: Nykaa Tea Tree & Salicylic Acid Spot Patch for Pimple Care - Pack Of 10,images/370.jpg
371,Nykaa Tea Tree & Salicylic Acid Spot Patch for Pimple Care - Pack Of 2,Skincare,170,Premium Skincare product: Nykaa Tea Tree & Salicylic Acid Spot Patch for Pimple Care - Pack Of 2,images/371.jpg
372,Nykaa Tea Tree & Salicylic Acid Spot Patch for Pimple Care - Pack Of 5,Skincare,425,Premium Skincare product: Nykaa Tea Tree & Salicylic Acid Spot Patch for Pimple Care - Pack Of 5,images/372.jpg
373,Nykaa Ultra Matte Mini- Cher 14,Skincare,239,Premium Skincare product: Nykaa Ultra Matte Mini- Cher 14,images/373.jpg
374,Nykaa Ultra Matte Mini- Marilyn - 10,Skincare,239,Premium Skincare product: Nykaa Ultra Matte Mini- Marilyn - 10,images/374.jpg
375,Nykaa Vitamin C PM Regime with Skin Secret Rice Water & Vitamin C Sleeping Mask + Facial Ice Globes,Skincare,2905,Premium Skincare product: Nykaa Vitamin C PM Regime with Skin Secret Rice Water & Vitamin C Sleeping Mask + Facial Ice Globes,images/375.jpg
376,Nykaa Wedding Jasmine Gift Box,Skincare,250,Premium Skincare product: Nykaa Wedding Jasmine Gift Box,images/376.jpg
377,Nykaa Wedding Lotus Gift Box,Skincare,250,Premium Skincare product: Nykaa Wedding Lotus Gift Box,images/377.jpg
378,Nykaa Wedding Moringa Gift Box,Skincare,250,Premium Skincare product: Nykaa Wedding Moringa Gift Box,images/378.jpg
379,Nykaa Wing In A Blink Eyeliner Pen - Dark Knight 01,Makeup,439,Premium Makeup product: Nykaa Wing In A Blink Eyeliner Pen - Dark Knight 01,images/379.jpg
380,Nykaa Woman Washable and Reusable Face Mask - Tropical,Skincare,299,Premium Skincare product: Nykaa Woman Washable and Reusable Face Mask - Tropical,images/380.jpg
381,"Olay Aha & Niacinamide Super Cream , Acne Mark & Spot Removal Cream - For All Skin Types",Skincare,1399,"Premium Skincare product: Olay Aha & Niacinamide Super Cream , Acne Mark & Spot Removal Cream - For All Skin Types",images/381.jpg
382,Olay Eye Cream - With Niacinamide & Pentapeptides,Skincare,1444,Premium Skincare product: Olay Eye Cream - With Niacinamide & Pentapeptides,images/382.jpg
383,Olay Regenerist Whip Mini and Ultimate Eye Cream Combo,Beauty Tools,1943,Premium Beauty Tools product: Olay Regenerist Whip Mini and Ultimate Eye Cream Combo,images/383.jpg
384,Olay Total Effects 7 In One Anti-Ageing Day Cream Normal SPF 15,Skincare,375,Premium Skincare product: Olay Total Effects 7 In One Anti-Ageing Day Cream Normal SPF 15,images/384.jpg
385,Olay Total Effects 7 In One Day Cream Normal SPF 15 (Trial Size) 8gm,Skincare,160,Premium Skincare product: Olay Total Effects 7 In One Day Cream Normal SPF 15 (Trial Size) 8gm,images/385.jpg
386,Olay Total Effects Day Cream For Sensitive Skin - Niacinamide,Skincare,764,Premium Skincare product: Olay Total Effects Day Cream For Sensitive Skin - Niacinamide,images/386.jpg
387,Olay Ultimate Skin Regimen Kit,Skincare,2947,Premium Skincare product: Olay Ultimate Skin Regimen Kit,images/387.jpg
388,Olay Ultra Lightweight Moisturiser: Luminous Whip Day Cream (non SPF),Skincare,1599,Premium Skincare product: Olay Ultra Lightweight Moisturiser: Luminous Whip Day Cream (non SPF),images/388.jpg
389,Olay White Radiance Day & Night Cream for Brightening and Glow,Skincare,2378,Premium Skincare product: Olay White Radiance Day & Night Cream for Brightening and Glow,images/389.jpg
390,Retinol & Hyaluronic Acid Sleeping Mask for Intense Hydration - Pack of 2,Skincare,245,Premium Skincare product: Retinol & Hyaluronic Acid Sleeping Mask for Intense Hydration - Pack of 2,images/390.jpg
391,The Ultimate Nude Duo - Kay Beauty Long Stay Matte Lipstick - Debut & Nail Enamel - Nutty 21,Makeup,1102,Premium Makeup product: The Ultimate Nude Duo - Kay Beauty Long Stay Matte Lipstick - Debut & Nail Enamel - Nutty 21,images/391.jpg
