productID,product_title,image_url
1010793,Kay Beauty Matte Drama Long Stay Lipstick,https://www.nykaa.com/kay-beauty-matte-lipstick/p/1010793
1017,Lakme Lip Gloss,https://www.nykaa.com/lakme-lip-gloss/p/1017
1044490,"Herbal Essences Aloe & Eucalyptus Shampoo For Soft Smooth Hair, No- Sulphates, Paraben and Silicones",https://www.nykaa.com/herbal-essences-potent-aloe-eucalyptus-shampoo-sulphates-silicones-and-paraben-free-400ml/p/1044490
1044491,Herbal Essences Aloe & Bamboo Conditioner Soft Smooth Hair- No- Sulphates and Paraben(400gm),https://www.nykaa.com/herbal-essences-potent-aloe-bamboo-conditioner-sulphates-and-paraben-free-400ml/p/1044491
1044492,"Herbal Essences Aloe & Bamboo Shampoo For Soft Smooth Hair, No-Sulphates, Paraben and Silicones",https://www.nykaa.com/herbal-essences-potent-aloe-bamboo-shampoo-sulphates-silicones-and-paraben-free-400ml/p/1044492
1058010,Nykaa Facial Ice Globes for Depuffing & Skin Tightening,https://www.nykaa.com/nykaa-facial-ice-globes-blue/p/1058010
1066972,Nykaa Cosmetics Masaba By Nykaa Mini Pocket Perfume,https://www.nykaa.com/nykaa-cosmetics-masaba-by-nykaa-mini-pocket-perfume/p/1066972
1080669,Kay Beauty Matte Blush,https://www.nykaa.com/kay-beauty-matte-blush/p/1080669
1124796,Nykaa Paintstix! Waterproof Matte Lipstick - Flower Power,https://www.nykaa.com/nykaa-cosmetics-nykaa-painstix-color-care-flower-power/p/1124796
1124808,Nykaa Paintstix! Waterproof Matte Lipstick - Polka Dots,https://www.nykaa.com/nykaa-cosmetics-nykaa-painstix-color-care-polka-dots/p/1124808
1129386,Kay Beauty Matte Compact,https://www.nykaa.com/kay-beauty-matte-compact/p/1129386
1134707,NYX Professional Makeup Diamonds & Ice - Please Setting Spray Kit,https://www.nykaa.com/nyx-professional-makeup-diamonds-ice-please-setting-spray-kit/p/1134707
1135934,Herbal Essences Argan 2 Shampoo + Conditioner,https://www.nykaa.com/herbal-essences-argan-2-shampoo-conditioner/p/1135934
1135935,Herbal Essences Strawberry 2 Shampoo + Conditioner,https://www.nykaa.com/herbal-essences-argan-2-shampoo-conditioner/p/1135935
1135936,Herbal Essences Coconut 2 Shampoo + Conditioner,https://www.nykaa.com/herbal-essences-argan-2-shampoo-conditioner/p/1135936
1135937,Herbal Essences Cocoa Butter 2 Shampoo + Conditioner,https://www.nykaa.com/herbal-essences-argan-2-shampoo-conditioner/p/1135937
1139,Lakme True Wear Nail Color,https://www.nykaa.com/lakme-true-wear-nail-color/p/1139
1171833,Nykaa Naturals Apple Cider Vinegar & Ginger Shampoo & Conditioner- Anti-Dandruff Combo,https://www.nykaa.com/nykaa-naturals-anti-dandruff-combo/p/1171833
1171873,Nykaa Naturals Apple Cider Vinegar & Ginger Shampoo - Pack of 2,https://www.nykaa.com/nykaa-naturals-apple-cider-vinegar-ginger-shampoo-pack-of-2/p/1171873
1181100,Nykaa Serial Kisser Lip Balm Combo - Strawberry & Raspberry,https://www.nykaa.com/nykaa-serial-kisser-strawberry-raspberry-lip-balm-combo/p/1181100
1217419,Nykaa Naturals Apple Cider Vinegar & Ginger Shampoo - Pack of 3,https://www.nykaa.com/nykaa-naturals-apple-cider-vinegar-ginger-shampoo-pack-of-3/p/1217419
1229442,Kay Beauty Hydrating Foundation,https://www.nykaa.com/kay-beauty-hydrating-foundation/p/1229442
1268,Lakme Face Sheer Blusher,https://www.nykaa.com/lakme-face-sheer-blush/p/1268
127349,Nykaa Prove Your Point Cosmetic Sharpener! - 6112,https://www.nykaa.com/nykaa-prove-your-point-cosmetic-sharpener-6112/p/127349
1285508,Nykaa Naturals 2 in 1 Vibrating Face Roller With Under Eye Massager - Green Jade,https://www.nykaa.com/nykaa-electric-rollers-green-jade/p/1285508
1287915,Maybelline New York Bold & Nude - Eye Combo,https://www.nykaa.com/maybelline-new-york-bold-nude-eye-combo/p/1287915
1287936,Maybelline New York Liner & Palette Combo: Blushed Look,https://www.nykaa.com/maybelline-new-york-liner-palette-combo-blushed-look/p/1287936
1290,Lakme Absolute White Intense SPF 20 Concealer Stick,https://www.nykaa.com/lakme-absolute-white-intense-concealer-stick-spf-20/p/1290
1290145,"Herbal Essences Aloe & Bamboo Shampoo + Conditioner For Soft Smooth Hair, No Sulphates & Paraben",https://www.nykaa.com/herbal-essences-potent-aloe-bamboo-shampoo-and-conditioner-combo-sulphate-and-paraben-free/p/1290145
1290147,"Herbal Essences Aloe & Eucalyptus Shampoo + Aloe & Bamboo Conditioner, No- Sulphates & Paraben",https://www.nykaa.com/herbal-essences-potent-aloe-eucalyptus-shampoo-and-bamboo-conditioner-sulphate-and-paraben-free/p/1290147
1324436,Kay Beauty Eyeshadow Palette,https://www.nykaa.com/kay-beauty-eyekanvas-eyeshadow-palette/p/1324436
1356977,Retinol & Hyaluronic Acid Sleeping Mask for Intense Hydration - Pack of 2,https://www.nykaa.com/retinol-hyaluronic-acid-sleeping-mask-pack-of-2/p/1356977
1366625,Nykaa Naturals Apple Cider Vinegar & Ginger Shampoo & Hair Mask,https://www.nykaa.com/nykaa-naturals-apple-cider-vinegar-ginger-shampoo-hair-mask/p/1366625
139814,Nykaa SKINgenius Skin Perfecting & Hydrating Matte Powder Compact,https://www.nykaa.com/nykaa-skingenius-skin-perfecting-hydrating-matte-powder-compact/p/139814
139821,Nykaa SKINgenius Skin Perfecting & Hydrating Matte Powder Compact - Rose Beige 02,https://www.nykaa.com/nykaa-skingenius-skin-perfecting-hydrating-matte-powder-compact-rose-beige-02/p/139821
139993,L'Oreal Paris Infallible Pro-Spray & Set Makeup Extender,https://www.nykaa.com/l-oreal-paris-infallible-pro-spray-set-makeup-extender/p/139993
14410,Lakme Absolute Flutter Secrets Dramatic Eyes Mascara - Night Drama,https://www.nykaa.com/lakme-absolute-flutter-secrets-dramatic-eyes-mascara/p/14410
1473197,Nykaa Naturals CleanTouch 2 in 1 Face Brush & Massager for Deep Cleansing & Exfoliation - Pink,https://www.nykaa.com/nykaa-face-cleansing-brush-pink/p/1473197
1473807,Nivea Naturally Good Care Box,https://www.nykaa.com/nivea-naturally-good-care-box/p/1473807
1474701,Nykaa Naturals CleanTouch 2 in 1 Face Brush & Massager for Deep Cleansing & Exfoliation,https://www.nykaa.com/nykaa-cleantouch-facial-cleansing-brush/p/1474701
1474924,Lakme Absolute Plush Matte Lip Crayon,https://www.nykaa.com/lakme-absolute-plush-matte-lip-crayon/p/1474924
1485843,Nykaa Naturals Ice Roller for De-puffing and Face Toning Massage - Pink,https://www.nykaa.com/nykaa-naturals-ice-roller-for-de-puffing-and-face-toning-massage-pink/p/1485843
1485844,Nykaa Naturals Ice Roller for De-puffing and Face Toning Massage - Lavender,https://www.nykaa.com/nykaa-naturals-ice-roller-for-de-puffing-and-face-toning-massage-lavender/p/1485844
1485845,Nykaa Naturals Ice Roller for De-puffing and Face Toning Massage - Blue,https://www.nykaa.com/nykaa-naturals-ice-roller-for-de-puffing-and-face-toning-massage-blue/p/1485845
1485846,Nykaa Naturals Jade Comb For Hair Growth And Scalp Health - Green Jade,https://www.nykaa.com/nykaa-naturals-jade-comb-with-free-cold-pressed-oil-for-hair-growth-and-scalp-health-green-jade/p/1485846
1498580,Nykaa Naturals Onion & Fenugreek + Apple Cider & Vinegar + Amla & Curry Leaves Shampoo - Pack of 3,https://www.nykaa.com/nykaa-naturals-amla-curry-leaves-anti-hair-onion-fenugreek-apple-cider-vinegar-shampoo/p/1498580
1502902,Nykaa Naturals Apple Cider Vinegar & Ginger Anti- Dandruff Shampoo and Hair Wrap Combo,https://www.nykaa.com/nykaa-naturals-apple-cider-vinegar-ginger-anti-dandruff-shampoo-and-towel/p/1502902
1502904,"Nykaa Naturals Apple Cider Vinegar & Ginger Shampoo, Conditioner & Hair Wrap - Anti Dandruff Combo",https://www.nykaa.com/nykaa-naturals-apple-cider-vinegar-ginger-anti-dandruff-shampoo-conditioner-and-towel/p/1502904
1502905,"Nykaa Apple Cider Vinegar & Ginger Anti-Dandruff Shampoo,Conditioner,Hair Mask and Wrap Combo",https://www.nykaa.com/nykaa-naturals-apple-cider-vinegar-ginger-anti-dandruff-shampoo-conditioner-hair-mask-and-towel/p/1502905
160488,L'Oreal Paris Magic Retouch Instant Root Concealer Spray,https://www.nykaa.com/l-oreal-paris-magic-retouch-instant-root-concealer/p/160488
173656,NYX Professional Makeup Suede Matte Lip Liner,https://www.nykaa.com/nyx-professional-makeup-suede-matte-lip-liner/p/173656
176376,Maybelline New York Face Studio Master Contour Palette,https://www.nykaa.com/maybelline-new-york-face-studio-master-contour-palette/p/176376
18423,Maybelline New York The Colossal Liner - Black,https://www.nykaa.com/maybelline-the-colossal-liner/p/18423
18744,L'Oreal Paris Age 20+ Skin Perfect Cream UV Filters,https://www.nykaa.com/l-oreal-paris-age-20-skin-perfect-cream-uv-filters/p/18744
189912,Lakme Absolute Argan Oil Serum Foundation With SPF 45,https://www.nykaa.com/lakme-absolute-argan-oil-serum-foundation-with-spf-45/p/189912
189962,Maybelline New York Facestudio Master Strobing Cream,https://www.nykaa.com/maybelline-new-york-facestudio-master-strobing-cream/p/189962
190741,NYX Professional Makeup Ultimate Multi-Finish Shadow Palette,https://www.nykaa.com/nyx-professional-makeup-ultimate-multi-finish-shadow-palette/p/190741
196392,Nykaa Get Winged! Sketch Eyeliner Pen - Black Swan 01,https://www.nykaa.com/nykaa-get-winged-eyeliner-black-swan-01/p/196392
209281,Nykaa SKINgenius Foundation Stick Conceal Contour & Corrector - Golden Hazelnut 06,https://www.nykaa.com/nykaa-skingenius-foundation-stick-golden-hazelnut-06/p/209281
209282,Nykaa SKINgenius Foundation Stick Conceal Contour & Corrector - Toffee Chisel 07,https://www.nykaa.com/nykaa-skingenius-foundation-stick-toffee-chisel-07/p/209282
220091,Nykaa GLAMOReyes Coloured Liquid Eyeliner - 05 Dragon's Heart,https://www.nykaa.com/nykaa-glamoreyes-liquid-eyeliner-05-dragon-s-heart/p/220091
222623,Nykaa Bling It On Pouch,https://www.nykaa.com/nykaa-bling-it-on-pouch/p/222623
23694,Olay Total Effects 7 In One Day Cream Normal SPF 15 (Trial Size) 8gm,https://www.nykaa.com/olay-total-effects-7-in-one-day-cream-normal-spf-15-trial-size/p/23694
24093,Lakme Enrich Satin Lipstick,https://www.nykaa.com/lakme-enrich-satin-lipstick/p/24093
248367,Nykaa Party Edit Clutch,https://www.nykaa.com/nykaa-party-edit-clutch/p/248367
250,Maybelline New York Clear Smooth All in One UV+ Lightening Oil Control Two Way Cake SPF 32 PA+++,https://www.nykaa.com/maybelline-clear-glow-pressed-powder/p/250
257862,L'Oreal Paris Infallible Gel Crayon Eyeliner,https://www.nykaa.com/l-oreal-paris-infallible-gel-crayon-eyeliner/p/257862
262993,Olay Total Effects Day Cream For Sensitive Skin - Niacinamide,https://www.nykaa.com/olay-total-effects-7-in-one-touch-of-foundation-bb-creme-spf-15-50gm-new/p/262993
2645328,Nykaa Tea Tree & Salicylic Acid Spot Patch for Pimple Care - Pack Of 2,https://www.nykaa.com/nykaa-tea-tree-salicylic-acid-spot-patch-pack-of-2/p/2645328
2645329,Nykaa Tea Tree & Salicylic Acid Spot Patch + Nykaa Tea Tree & Neem Face Wash,https://www.nykaa.com/nykaa-tea-tree-salicylic-acid-spot-patch-nykaa-tea-tree-neem-face-wash/p/2645329
2645330,Nykaa Tea Tree & Salicylic Acid Spot Patch + Nykaa Sandalwood & Orange Peel Face Wash,https://www.nykaa.com/nykaa-tea-tree-salicylic-acid-spot-patch-nykaa-sandalwood-orange-peel-face-wash/p/2645330
2645331,Nykaa Tea Tree & Salicylic Acid Spot Patch + Nykaa Saffron & Honey Face Wash,https://www.nykaa.com/nykaa-tea-tree-salicylic-acid-spot-patch-nykaa-saffron-honey-face-wash/p/2645331
2645334,Nykaa Tea Tree & Salicylic Acid Spot Patch + Nykaa Tea Tree & Aloe Vera Sleeping Mask,https://www.nykaa.com/nykaa-tea-tree-salicylic-acid-spot-patch-nykaa-tea-tree-aloe-vera-sleeping-mask/p/2645334
2645335,Nykaa Tea Tree & Salicylic Acid Spot Patch + Nykaa Retinol & Hyaluronic Acid Sleeping Mask,https://www.nykaa.com/nykaa-tea-tree-salicylic-acid-spot-patch-nykaa-retinol-hyaluronic-acid-sleeping-mask/p/2645335
2645336,Nykaa Tea Tree & Salicylic Acid Spot Patch + Nykaa Rice Water & Vitamin C Sleeping Mask,https://www.nykaa.com/nykaa-tea-tree-salicylic-acid-spot-patch-nykaa-rice-water-vitamin-c-sleeping-mask/p/2645336
2645338,Nykaa Anti Acne Combo (Spot Patch + Face Wash + Sleeping Mask),https://www.nykaa.com/nykaa-tea-tree-salicylic-acid-spot-patch-nykaa-tea-tree-neem-face-wash-nykaa-tea-tree-aloe-vera-sleeping-mask/p/2645338
2645339,Nykaa Tea Tree & Salicylic Acid Spot Patch for Pimple Care - Pack Of 5,https://www.nykaa.com/nykaa-tea-tree-salicylic-acid-spot-patch-pack-of-5/p/2645339
2645340,Nykaa Tea Tree & Salicylic Acid Spot Patch for Pimple Care - Pack Of 10,https://www.nykaa.com/nykaa-tea-tree-salicylic-acid-spot-patch-pack-of-10/p/2645340
2659739,Herbal Essences Argan Oil Of Moroccan Shampoo & Conditioner With Free Neem Comb,https://www.nykaa.com/herbal-essences-argan-oil-of-moroccan-shampoo-conditioner-with-free-neem-comb/p/2659739
2662674,Kay Beauty Colour Correcting Primer,https://www.nykaa.com/kay-beauty-colour-correcting-primer/p/2662674
266374,L'Oreal Paris Excellence Fashion Highlights Hair Color,https://www.nykaa.com/l-oreal-paris-excellence-fashion-highlights-hair-color/p/266374
26651,Maybelline New York Fashion Brow Duo Shaper,https://www.nykaa.com/maybelline-fashion-brow-duo-shaper/p/26651
2697394,Nykaa Naturals Charcoal & Bamboo Deep Detox And Cleanse Shampoo - Pack Of 2,https://www.nykaa.com/nykaa-naturals-charcoal-bamboo-deep-detox-and-cleanse-shampoo-pack-of-2/p/2697394
2722137,Nykaa Naturals Hydrating Face Wash + Nykaa Tea Tree & Salicylic Acid Spot Patch,https://www.nykaa.com/nykaa-naturals-hydrating-face-wash-nykaa-tea-tree-salicylic-acid-spot-patch/p/2722137
2722144,Nykaa Naturals Anti-pigmentation Face Wash + Nykaa Tea Tree & Salicylic Acid Spot Patch,https://www.nykaa.com/nykaa-naturals-anti-pigmentation-face-wash-nykaa-tea-tree-salicylic-acid-spot-patch/p/2722144
2722147,Nykaa Naturals Radiance Face Wash + Rice Water & Vitamin C Sleeping Mask Combo,https://www.nykaa.com/nykaa-naturals-radiance-face-wash-rice-water-vitamin-c-sleeping-mask-combo/p/2722147
2722148,Nykaa Naturals Radiance Face Wash + Nykaa Clay It Cool Perfect Glow Clay Mask,https://www.nykaa.com/nykaa-naturals-radiance-face-wash-nykaa-clay-it-cool-perfect-glow-clay-mask/p/2722148
2722149,Nykaa Naturals Radiance Face Wash + Nykaa Tea Tree & Salicylic Acid Spot Patch,https://www.nykaa.com/nykaa-naturals-radiance-face-wash-nykaa-tea-tree-salicylic-acid-spot-patch/p/2722149
2722154,Nykaa Naturals Calming Face Wash + Nykaa Clay It Cool Oil Control Clay Mask,https://www.nykaa.com/nykaa-naturals-calming-face-wash-nykaa-clay-it-cool-oil-control-clay-mask/p/2722154
2722155,Nykaa Naturals Calming Face Wash + Nykaa Tea Tree & Salicylic Acid Spot Patch,https://www.nykaa.com/nykaa-naturals-calming-face-wash-nykaa-tea-tree-salicylic-acid-spot-patch/p/2722155
2722162,Nykaa Naturals Anti-pigmentation & Purifying Skin Face Wash Combo,https://www.nykaa.com/nykaa-naturals-anti-pigmentation-purifying-skin-face-wash-combo/p/2722162
2722163,Nykaa Naturals Anti-pigmentation & Radiant Skin Face Wash Combo,https://www.nykaa.com/nykaa-naturals-anti-pigmentation-radiant-skin-face-wash-combo/p/2722163
2722169,Nykaa Naturals Calming & De-tanning Face Wash Combo,https://www.nykaa.com/nykaa-naturals-calming-de-tanning-face-wash-combo/p/2722169
2722174,Nykaa Naturals Anti-Pigmentation & De-tanning Face Wash Combo - Papaya +Sandalwood & Orange Peel,https://www.nykaa.com/nykaa-naturals-anti-pigmentation-de-tanning-face-wash-combo/p/2722174
277501,Nykaa All Thing Glam Makeup Bag - Golden Hour,https://www.nykaa.com/nykaa-all-thing-glam-makeup-bag-golden-hour/p/277501
277502,Nykaa All Thing Glam Makeup Bag - Pristine White,https://www.nykaa.com/nykaa-all-thing-glam-makeup-bag-pristine-white/p/277502
2777822,Nykaa Naturals 4 Shampoo Combo-Onion+Apple Cider Vinegar+Amla & Curry Leaves+Fermented Rice Water,https://www.nykaa.com/nykaa-naturals-anti-dandruff-hair-growth-anti-hair-fall-and-dry-damaged-hair-repair-shampoo-combo/p/2777822
2783911,Kay Beauty Matteinee Matte Lip Crayon Lipstick Combo - Rom Com & Wee Hours,https://www.nykaa.com/kay-beauty-matteinee-matte-lip-crayon-lipstick-combo-rom-com-wee-hours/p/2783911
2783917,The Ultimate Nude Duo - Kay Beauty Long Stay Matte Lipstick - Debut & Nail Enamel - Nutty 21,https://www.nykaa.com/the-ultimate-nude-duo-kay-beauty-long-stay-matte-lipstick-debut-nail-enamel-nutty-21/p/2783917
2809492,Kay Beauty Pastel Crush Nail Enamel Combo- Tender Lavender + Aspire + Pink Gem,https://www.nykaa.com/kay-beauty-pastel-crush-nail-enamel-combo/p/2809492
2809493,Kay Beauty Paint Your Mood Nail Enamel Combo,https://www.nykaa.com/kay-beauty-paint-your-mood-nail-enamel-combo/p/2809493
2809496,Kay Beauty Nail Nourish Nail Emanel Combo - Carnival & Wine Berry,https://www.nykaa.com/kay-beauty-nail-nourish-nail-emanel-combo-carnival-wine-berry/p/2809496
2809497,Kay Beauty Pastel Perfection Nail Enamel Combo,https://www.nykaa.com/kay-beauty-pastel-perfection-nail-enamel-combo/p/2809497
2809976,Nykaa Naturals Calming Face Wash + Face Scrub + Clay It Cool Oil Control Clay Mask,https://www.nykaa.com/nykaa-naturals-calming-face-wash-face-scrub-clay-it-cool-oil-control-clay-mask/p/2809976
2809991,Nykaa Naturals De-tanning Face Wash + Face Scrub + Clay It Cool Daily Detox Clay Mask,https://www.nykaa.com/nykaa-naturals-de-tanning-face-wash-face-scrub-clay-it-cool-daily-detox-clay-mask/p/2809991
286417,Nykaa Metal Addict Makeup Bag - Blushing Gold,https://www.nykaa.com/nykaa-metal-addict-makeup-bag-blushing-gold/p/286417
288288,Maybelline New York Color Sensational Matte Metallic Lipstick,https://www.nykaa.com/maybelline-new-york-color-sensational-matte-metallic-lipstick/p/288288
301196,L'Oreal Paris Casting Creme Gloss Hair Color - 316 + Magic Retouch Instant Root Concealer - 2 Dark Brown,https://www.nykaa.com/l-oreal-paris-casting-creme-gloss-hair-color-316-plum-magic-retouch-instant-root-concealer-2-dark-brown/p/301196
315082,Nykaa Bling It On! Mini Travel-Size Makeup Pouch - Blushing Gold,https://www.nykaa.com/nykaa-bling-it-on-mini-travel-size-makeup-bag-blushing-gold/p/315082
315084,Nykaa Bling It On! Mini Travel-Size Makeup Pouch - Stormy Goddess,https://www.nykaa.com/nykaa-bling-it-on-mini-travel-size-makeup-bag-stormy-goddess/p/315084
3433811,Nykaa Vitamin C PM Regime with Skin Secret Rice Water & Vitamin C Sleeping Mask + Facial Ice Globes,https://www.nykaa.com/nykaa-vitamin-c-pm-regime-with-skin-secret-rice-water-vitamin-c-sleeping-mask-facial-ice-globes/p/3433811
343888,Nykaa Mermaid Squad Pouch,https://www.nykaa.com/nykaa-mermaid-squad-pouch/p/343888
3445855,Nykaa Nail Enamel Combos- Barefoot Stroll + Purple Unicorn + Hasta La Pista Creme,https://www.nykaa.com/nykaa-barefoot-stroll-purple-unicorn-hasta-la-pista-creme-nail-enamel-combos/p/3445855
3445858,Nykaa Cosmetics Breathable Nail Enamel Combo-Easy Nude + Dreamy Dahlia,https://www.nykaa.com/nykaa-easy-nude-pure-pink-breathable-nail-enamel-combo/p/3445858
3446264,Nykaa So Matte! Mini Lipstick - 17 M Cranberry Sangria,https://www.nykaa.com/nykaa-so-matte-mini-lipstick-17-m-cranberry-sangria/p/3446264
3446266,Nykaa Ultra Matte Mini- Cher 14,https://www.nykaa.com/nykaa-ultra-matte-mini-cher/p/3446266
3446267,Nykaa Ultra Matte Mini- Marilyn - 10,https://www.nykaa.com/nykaa-ultra-matte-mini-marilyn/p/3446267
347361,Nykaa SKINgenius BB Cream SPF30 - Soft Beige 02,https://www.nykaa.com/nykaa-skingenius-bb-cream-spf30-soft-beige-02/p/347361
347365,Nykaa SKINgenius BB Cream SPF30,https://www.nykaa.com/nykaa-skingenius-bb-cream-spf30/p/347365
3494211,Nykaa Naturals Reetha & Shikakai Shampoo For Dull & Brittle Hair - Pack Of 2,https://www.nykaa.com/nykaa-naturals-reetha-shikakai-shampoo-for-dull-brittle-hair-pack-of-2/p/3494211
3494214,Nykaa Naturals 5 Shampoo Combo-Onion +Apple Cider Vinegar +Amla +Fermented Rice Water+Reetha,https://www.nykaa.com/nykaa-naturals-shampoo-combo-5-solutions-to-5-concerns/p/3494214
353883,Maybelline New York Lasting Drama Light Eyeliner Pencil,https://www.nykaa.com/maybelline-new-york-lasting-drama-light-eyeliner-pencil/p/353883
353931,L'Oreal Paris True Match BB Cream,https://www.nykaa.com/l-oreal-paris-true-match-bb-creams/p/353931
3597383,Nykaa Cosmetics Gel Shine Manicure- Nail Lacquer + Nail Care + Nail Enamel Remover,https://www.nykaa.com/nykaa-cosmetics-gel-shine-manicure/p/3597383
3597385,Nykaa Cosmetics Pastel Manicure Kit,https://www.nykaa.com/nykaa-cosmetics-pastel-manicure-kit/p/3597385
361744,NYX Professional Makeup Powder Puff Lippie Cream,https://www.nykaa.com/nyx-professional-makeup-powder-puff-lippie-cream/p/361744
3621132,Get Party Ready With Kay Beauty Lip Liner - Dance Off & Matte Lipstick - Premier,https://www.nykaa.com/get-party-ready-with-kay-beauty-lip-liner-dance-off-matte-lipstick-premier/p/3621132
3621135,Kay Beauty Matte Lips Combo - Lip Crayon - Wee Hours & Matte Lipstick - Backstage,https://www.nykaa.com/kay-beauty-matte-lips-combo-lip-crayon-wee-hours-matte-lipstick-backstage/p/3621135
3626216,Nykaa Love Struck Skip A Beat Body Lotion + Perfume,https://www.nykaa.com/nykaa-love-struck-skip-a-beat-body-lotion-perfume/p/3626216
36379,L'Oreal Paris Infallible Mega Gloss,https://www.nykaa.com/l-oreal-paris-infallible-mega-gloss/p/36379
3652978,Nykaa Cosmetics BlendPro Highlighting Fan Makeup Brush & Foundation Makeup Brush Combo,https://www.nykaa.com/nykaa-blendpro-highlighting-fan-makeup-brush-foundation-makeup-brush-combo/p/3652978
3705524,Masaba Signature Kit - Lipstick + Nail Paint + Mini Perfume,https://www.nykaa.com/masaba-signature-kit-lipstick-nail-paint-mini-perfume/p/3705524
3705529,Moi Day & Night Fragrance Duo - Bisous + Matin,https://www.nykaa.com/moi-day-night-fragrance-duo-bisous-matin/p/3705529
374233,Nykaa So Matte! Mini Lipstick - 30 M Regal Ruby,https://www.nykaa.com/nykaa-so-matte-mini-lipstick-30-m-regal-ruby/p/374233
374235,Nykaa So Matte! Mini Lipstick - 17 M Cranberry Sangria,https://www.nykaa.com/nykaa-so-matte-mini-lipstick-17-m-cranberry-sangria/p/374235
374238,Nykaa So Matte! Mini Lipstick - 03 Devious Pink,https://www.nykaa.com/nykaa-so-matte-mini-lipstick-03-devious-pink/p/374238
3753166,"Herbal Essences Aloe & Bamboo Shampoo + Conditioner Kit For Soft Hair, Sulphate & Paraben Free",https://www.nykaa.com/herbal-essences-soha-aloe-bamboo-shampoo-conditioner-kit-for-soft-hair-sulphate-paraben-free/p/3753166
3756792,Nykaa Cosmetics Get Set Matte Look- All Day Matte compact powder- Maple + So Creme Matte Lipstick- Day Dreaming,https://www.nykaa.com/get-set-matte-combo/p/3756792
3756794,Masaba's Fiery Orange Look- Lipstick + Nail enamel- Can't Deal,https://www.nykaa.com/masaba-s-fiery-orange-combo/p/3756794
3756803,Nykaa Cosmetics Glam Eyes Look-Glamoreyes Coloured Liquid EyelinerChaotic Calypso+Enchanting Forest,https://www.nykaa.com/glam-eyes-combo/p/3756803
376841,Nykaa Wedding Jasmine Gift Box,https://www.nykaa.com/nykaa-jasmine-gift-box/p/376841
376842,Nykaa Wedding Moringa Gift Box,https://www.nykaa.com/nykaa-moringa-gift-box/p/376842
376843,Nykaa Wedding Lotus Gift Box,https://www.nykaa.com/nykaa-lotus-gift-box/p/376843
3772408,Kat's Bold Night Look - Kay Beauty Matte Lipstick & Liquid Eyeliner,https://www.nykaa.com/kat-s-bold-night-look-kay-beauty-matte-lipstick-liquid-eyeliner/p/3772408
3840762,Nykaa Cosmetics Get Set Matte Liquid Lipstick Duo - G.O.A.T + LIT,https://www.nykaa.com/nykaa-liquid-lipstick-duo/p/3840762
394618,Nykaa Contour & Conquer - Contour and Highlight Duo - Sizzle Chisel 01,https://www.nykaa.com/nykaa-contour-conquer-contour-and-highlight-duo-sizzle-chisel-01/p/394618
3955542,Nykaa Naturals Apple Cider Vinegar & Ginger Anti-dandruff Hair Oil And Shampoo Combo,https://www.nykaa.com/nykaa-naturals-apple-cider-vinegar-ginger-anti-dandruff-hair-oil-and-shampoo-combo/p/3955542
3955543,"Nykaa Naturals Apple Cider Vinegar & Ginger Hair Oil, Shampoo And Conditioner - Anti Dandruff Combo",https://www.nykaa.com/nykaa-naturals-apple-cider-vinegar-ginger-anti-dandruff-hair-oil-shampoo-and-conditioner-combo/p/3955543
3955545,"Nykaa Naturals Apple Cider Vinegar & Ginger Anti-dandruff Hair Oil, Shampoo And Hair Mask Combo",https://www.nykaa.com/nykaa-naturals-apple-cider-vinegar-ginger-anti-dandruff-hair-oil-shampoo-and-hair-mask-combo/p/3955545
3955546,"Nykaa Naturals Apple Cider Vinegar & Ginger Anti-dandruff Hair Oil, Shampoo And Hair Wrap Combo",https://www.nykaa.com/nykaa-naturals-apple-cider-vinegar-ginger-anti-dandruff-hair-oil-shampoo-and-hair-wrap-combo/p/3955546
3955547,"Nykaa Naturals Apple Cider Vinegar & Ginger Anti-dandruff Oil, Shampoo, Conditioner & Wrap Combo",https://www.nykaa.com/nykaa-naturals-apple-cider-vinegar-ginger-anti-dandruff-hair-oil-shampoo-conditioner-hair-wrap-combo/p/3955547
3955548,"Nykaa Naturals Apple Cider Vinegar & Ginger Anti-Dandruff Oil, Shampoo, Mask & Wrap Combo",https://www.nykaa.com/nykaa-naturals-apple-cider-vinegar-ginger-anti-dandruff-hair-oil-shampoo-hair-mask-hair-wrap-combo/p/3955548
4039424,Nykaa Naturals Calming Face Wash + Tea Tree & Salicylic Acid Spot Patch + Witch Hazel & AHA Sleeping Mask,https://www.nykaa.com/nykaa-naturals-calming-face-wash-tea-tree-salicylic-acid-spot-patch-witch-hazel-aha-sleeping-mask/p/4039424
4060531,Nykaa Naturals Glow Boosting Skin Potion + Anti- Ageing Skin Potion Face Oil,https://www.nykaa.com/nykaa-naturals-glow-boosting-skin-potion-anti-ageing-skin-potion-face-oil/p/4060531
4060539,Nykaa Naturals Clay It Cool Daily Detox Clay Mask + Perfect Glow Clay Mask for Supple Skin,https://www.nykaa.com/nykaa-naturals-clay-it-cool-daily-detox-clay-mask-perfect-glow-clay-mask/p/4060539
4148779,Nykaa Naturals Charcoal & Bamboo Shampoo And Hair Wrap Combo,https://www.nykaa.com/nykaa-naturals-charcoal-bamboo-shampoo-and-hair-wrap-combo/p/4148779
417929,Nykaa BlendPro Powder Stippling Makeup Brush,https://www.nykaa.com/nykaa-skin-secrets-sheet-mask/p/417929
41880,NYX Professional Makeup Liquid Suede Cream Lipstick,https://www.nykaa.com/nyx-professional-makeup-liquid-suede-cream-lipstick/p/41880
42085,NYX Professional Makeup Pore Filler,https://www.nykaa.com/nyx-professional-makeup-pore-filler/p/42085
42114,NYX Professional Makeup Wonder Stick,https://www.nykaa.com/nyx-professional-makeup-wonder-stick/p/42114
42142,NYX Professional Makeup Born To Glow Liquid Illuminator,https://www.nykaa.com/nyx-professional-makeup-born-to-glow-liquid-illuminator/p/42142
422905,Nykaa Serial Kisser Lip Balm - Raspberry,https://www.nykaa.com/nykaa-serial-kisser-lip-balm-raspberry/p/422905
422906,Nykaa Serial Kisser Lip Balm - Pomegranate,https://www.nykaa.com/nykaa-serial-kisser-lip-balm-pomegranate/p/422906
422909,Nykaa Serial Kisser Lip Balm - Pinacolada,https://www.nykaa.com/nykaa-serial-kisser-lip-balm-pinacolada/p/422909
422911,Nykaa Serial Kisser Lip Balm - Grape,https://www.nykaa.com/nykaa-serial-kisser-lip-balm-grape/p/422911
4283093,Nykaa Naturals Mini Shampoo,https://www.nykaa.com/nykaa-naturals-mini-shampoo/p/4283093
4315900,Nykaa Love Struck Tender Touch Shower Gel + Body Lotion + Perfume,https://www.nykaa.com/nykaa-naturals-love-struck-tender-touch-shower-gel-body-lotion-perfume/p/4315900
435111,L'Oreal Paris Flash Cat Eye Eyeliner - Black,https://www.nykaa.com/l-oreal-paris-flash-cat-eye-eyeliner-black/p/435111
435129,Maybelline New York Shine Compulsion Lipstick,https://www.nykaa.com/maybelline-new-york-shine-compulsion-lipstick/p/435129
437390,Nykaa BlendPro Highlighting Fan Makeup Brush,https://www.nykaa.com/nykaa-blendpro-highlighting-fan-makeup-brush/p/437390
4394259,L'Oreal Paris Casting Creme Gloss Ultra Visible Conditioning Hair Color,https://www.nykaa.com/l-oreal-paris-casting-creme-gloss-ultra-visible-conditioning-hair-color/p/4394259
4432091,Nykaa Mini Skinshield Anti-pollution Matte Foundation,https://www.nykaa.com/nykaa-cosmetics-mini-skinshield-anti-pollution-matte-foundation/p/4432091
448344,Nykaa Oh My Brow! Eyebrow Mascara - Sirius Brown,https://www.nykaa.com/nykaa-oh-my-brow-eyebrow-mascara-sirius-brown/p/448344
44879,Lakme Enrich Matte Lipstick,https://www.nykaa.com/lakme-enrich-matte-lipstick/p/44879
4518371,Kay Beauty Hd Liquid Concealer,https://www.nykaa.com/kay-beauty-hd-liquid-concealer/p/4518371
452442,Herbal Essences Coconut Milk Shampoo For Hydration & Softness - No Parabens- No Colourants,https://www.nykaa.com/herbal-essences-coconut-milk-shampoo-for-hydration-softness-no-parabens-no-colourants-400ml/p/452442
452443,"Herbal Essences Cocoa Butter Shampoo For Hair Strengthening - No Parabens, No Colourants",https://www.nykaa.com/herbal-essences-cocoa-butter-shampoo-for-hair-strengthening-no-parabens-no-colourants-400ml/p/452443
452448,Herbal Essences Bio:Renew Hydrate Coconut Milk Conditioner,https://www.nykaa.com/herbal-essences-bio-renew-hydrate-coconut-milk-conditioner-400ml/p/452448
452449,Herbal Essences Bio:Renew Strength Whipped Cocoa Butter Conditioner,https://www.nykaa.com/herbal-essences-bio-renew-strength-whipped-cocoa-butter-conditioner-400ml/p/452449
452475,Maybelline New York Color Sensational Satin Lipstick,https://www.nykaa.com/maybelline-new-york-color-sensational-satin-lipstick/p/452475
456559,"Herbal Essences Argan Oil Shampoo & Conditioner For Frizz - No Parabens, No Colourants",https://www.nykaa.com/herbal-essences-argan-oil-shampoo-conditioner-for-frizz-no-parabens-no-colourants-slash-save-hp2021/p/456559
456560,"Herbal Essences Coconut Milk Shampoo & Conditioner For Hydration & Softness - No Parabens, No Colourants",https://www.nykaa.com/herbal-essences-bio-renew-hydrate-coconut-milk-shampoo-conditioner-combo/p/456560
456562,"Herbal Essences Cocoa Butter Shampoo & Conditioner For Hair Strengthening - No Parabens, No Colourants",https://www.nykaa.com/herbal-essences-bio-renew-strength-whipped-cocoa-butter-shampoo-conditioner-combo/p/456562
456563,"Herbal Essences Strawberry Shampoo & Conditioner For Volume - No Parabens, No Colourants",https://www.nykaa.com/herbal-essences-bio-renew-clean-white-strawberry-sweet-mint-shampoo-conditioner-combo/p/456563
457014,Lakme Blush & Glow Lemon Freshness Gel Face Wash,https://www.nykaa.com/lakme-blush-glow-lemon-freshness-gel-face-wash-with-lemon-extracts/p/457014
4586552,Lakme Perfect Definition Lipliner - Mauve Passion,https://www.nykaa.com/lakme-perfect-definition-lipliner-mauve-passion/p/4586552
4613633,Nykaa Cosmetics So Matte Mini Nude Lipsticks - Bon Bon + Totes Natural + Cinnamon Crunch,https://www.nykaa.com/nykaa-cosmetics-so-matte-everday-nudes/p/4613633
4613635,Nykaa Cosmetics Best Of Matte To Last In Minis- Janhvi + Madras Kaapi + Maharani,https://www.nykaa.com/nykaa-cosmetics-best-of-matte-to-last-in-minis/p/4613635
4613636,Nykaa Cosmetics Puckers On With Matte To Last Liquid Lipstick- Begum + Boho + Maithili,https://www.nykaa.com/nykaa-cosmetics-puckers-on-with-matte-to-last/p/4613636
4613638,Nykaa Cosmetics Ultra Matte Lipsticks - Grace + Marilyn + Neferti,https://www.nykaa.com/nykaa-cosmetics-everyday-mattes-ultra-matte-grace-marilyn-neferti/p/4613638
461910,Nykaa So Matte! Mini Lipstick - 45 M Dirty Peach,https://www.nykaa.com/nykaa-so-matte-mini-lipstick-45-m-dirty-peach/p/461910
461912,Nykaa So Matte! Mini Lipstick - 26 M Bon Bon,https://www.nykaa.com/nykaa-so-matte-mini-lipstick-26-m-bon-bon/p/461912
461916,Nykaa So Matte! Mini Lipstick - 01 Notorious Red,https://www.nykaa.com/nykaa-so-matte-mini-lipstick-01-notorious-red/p/461916
461917,Nykaa So Matte! Mini Lipstick - 37 M Beachy Peachy,https://www.nykaa.com/nykaa-so-matte-mini-lipstick-37-m-beachy-peachy/p/461917
4633369,Colorbar Mogra Mist - Scent Of An India Temple - 001,https://www.nykaa.com/colorbar-mogra-mist-scent-of-an-india-temple-001/p/4633369
4639701,Lakme Peach Milk Moisturizer Spf 24 Pa++,https://www.nykaa.com/lakme-peach-milk-moisturizer-spf-24-pa/p/4639701
4641579,Nykaa Cosmetics Trending Neons Matte Nail Enamel - Cherry Pop + Lemonade Fizz + Pink Lemonade,https://www.nykaa.com/nykaa-cosmetics-trending-neons-nail-enamel-combo/p/4641579
465454,Olay Eye Cream - With Niacinamide & Pentapeptides,https://www.nykaa.com/olay-ultimate-eye-cream-dark-circles-wrinkles-puffiness/p/465454
4692430,Nykaa Cosmetics Mini Skinshield Anti-pollution Matte Foundation - Very Vanilla 02,https://www.nykaa.com/nykaa-cosmetics-mini-skinshield-anti-pollution-matte-foundation-very-vanilla-02/p/4692430
4719644,"Herbal Essences Argan Oil Shampoo & Conditioner For Frizz - No Parabens, No Colourants",https://www.nykaa.com/herbal-essences-argan-oil-shampoo-conditioner-for-frizz-no-parabens-no-colourants/p/4719644
4719645,"Herbal Essences Strawberry Shampoo & Conditioner For Voluminous Hair - No Parabens, No Colourants",https://www.nykaa.com/herbal-essences-strawberry-shampoo-conditioner-for-voluminous-hair-no-parabens-no-colourants/p/4719645
4749403,Maybelline New York Fit Me Compact Powder,https://www.nykaa.com/maybelline-new-york-fit-me-compact-powder/p/4749403
4749405,Nykaa Cosmetics Breathable Nail Enamel Set Of 4- Downtime Daisy + Lazy Lilac + Sea Breeze+Stay Zen,https://www.nykaa.com/nykaa-cosmetics-breathable-nail-enamel-set-of-4/p/4749405
479,L'Oreal Paris Infallible Le Rouge Lipstick,https://www.nykaa.com/l-oreal-paris-infaillible-le-rouge-lipstick/p/479
48066,Maybelline New York The Blushed Nudes Eye Shadow Palette,https://www.nykaa.com/maybelline-new-york-the-blushed-nudes-palette/p/48066
4970778,Kay Beauty Glittery Glam Nails Look With Kay Beauty Nail Enamel Nail Polish,https://www.nykaa.com/kay-beauty-glittery-glam-nails-look-with-kay-beauty-nail-enamel-nail-polish/p/4970778
4970783,Kay Beauty Lip & Cheek Combo,https://www.nykaa.com/kay-beauty-kay-beauty-lip-cheek-combo/p/4970783
4996626,Nykaa All Day Matte Long Wear Foundation + Compact - Ivory,https://www.nykaa.com/nykaa-cosmetics-all-day-matte-long-lasting-foundation-compact-ivory/p/4996626
4996628,Nykaa Cosmetics All Day Matte Long Wear Foundation + Compact - Beige,https://www.nykaa.com/nykaa-cosmetics-all-day-matte-long-lasting-foundation-compact-beige/p/4996628
4996634,Nykaa Prep Me Up Primer + All Day Matte Foundation Perfect Your Base Combo,https://www.nykaa.com/nykaa-cosmetics-prep-me-up-primer-all-day-matte-foundation-perfect-your-base-combo/p/4996634
5093150,Kay Beauty Creme Blush,https://www.nykaa.com/kay-beauty-creme-blush-sweetheart-pink/p/5093150
513103,Masaba By Nykaa Lipstick,https://www.nykaa.com/masaba-by-nykaa-lipstick/p/513103
513815,Masaba By Nykaa - You Croc My World Lipstick & Nail Enamel Combo,https://www.nykaa.com/masaba-by-nykaa-you-croc-my-world-lipstick-nail-enamel-combo/p/513815
513866,Masaba By Nykaa - Face Palm Lipstick & Nail Enamel Combo,https://www.nykaa.com/masaba-by-nykaa-face-palm-lipstick-nail-enamel-combo/p/513866
5177218,Nykaa Cosmetics Blendpro Powder Brushes Combo,https://www.nykaa.com/nykaa-cosmetics-blendpro-powder-brushes-combo/p/5177218
5202105,Nykaa Naturals Apple Cider Vinegar & Ginger Anti-dandruff Hair Oil + Shampoo + Massager Combo,https://www.nykaa.com/nykaa-naturals-apple-cider-vinegar-ginger-anti-dandruff-hair-oil-shampoo-massager-combo/p/5202105
520376,Nykaa Matte To Last! Mini Liquid Lipstick - Maithili 25,https://www.nykaa.com/nykaa-matte-to-last-mini-liquid-lipstick-maithili/p/520376
5360837,Herbal Essences Argan Oil Of Morocco Shampoo - For Frizz Free Hair - Paraben Free,https://www.nykaa.com/herbal-essences-argan-oil-of-morocco-shampoo-for-frizz-free-hair-paraben-free/p/5360837
5360838,Herbal Essences Strawberry & Mint Shampoo - For Cleansing & Volume - Paraben Free,https://www.nykaa.com/herbal-essences-strawberry-mint-shampoo-for-cleansing-volume-paraben-free/p/5360838
5360839,Herbal Essences Argan Oil Of Morocco Conditioner - For Frizz Free Hair - Paraben Free,https://www.nykaa.com/herbal-essences-argan-oil-of-morocco-conditioner-for-frizz-free-hair-paraben-free/p/5360839
5360840,Herbal Essences Strawberry & Mint Conditioner - For Cleansing & Volume - Paraben Free,https://www.nykaa.com/herbal-essences-strawberry-mint-conditioner-for-cleansing-volume-paraben-free/p/5360840
540693,Nykaa Get Set Matte! Demi Matte Lip Cream Liquid Lipstick - BASIC,https://www.nykaa.com/nykaa-get-set-matte-demi-matte-lip-cream-basic/p/540693
551014,Nykaa Strobe & Glow Liquid Highlighter - Glazed Bronze,https://www.nykaa.com/nykaa-strobe-glow-liquid-highlighter-glazed-bronze/p/551014
551015,Nykaa Strobe & Glow Liquid Highlighter - Blushed Moonlight,https://www.nykaa.com/nykaa-strobe-glow-liquid-highlighter-blushed-moonlight/p/551015
551016,Nykaa Strobe & Glow Liquid Highlighter,https://www.nykaa.com/nykaa-strobe-glow-liquid-highlighter/p/551016
5525816,NYX Professional Makeup Must Haves - Tinted Brow Mascara Espresso & Soft Matte Lip Cream Copenhagen,https://www.nykaa.com/nyx-professional-makeup-must-haves-tinted-brow-mascara-espresso-soft-matte-lip-cream-copenhagen/p/5525816
5612,L'Oreal Paris Superliner Black Lacquer,https://www.nykaa.com/l-oreal-superliner-black-lacquer/p/5612
564436,Nykaa Lash Talk False Eyelash - Major Length,https://www.nykaa.com/nykaa-lash-talk-major-length/p/564436
564441,Nykaa Lash Talk False Eyelash,https://www.nykaa.com/nykaa-lash-talk/p/564441
569411,Nykaa Matte to Last! Metallic Liquid Lipstick and Eyeshadow,https://www.nykaa.com/nykaa-matte-to-last-metallic-liquid-lipstick/p/569411
5694317,Nykaa Cosmetics Eyes On Me ! 4 In 1 Quad Eyeshadow Palette Desk To Date + Night Out,https://www.nykaa.com/nykaa-cosmetics-eyes-on-me-4-in-1-quad-eyeshadow-palette-desk-to-date-night-out/p/5694317
5722072,Kay Beauty HD Liquid Colour Corrector,https://www.nykaa.com/kay-beauty-hd-liquid-colour-corrector/p/5722072
573181,Kay Beauty Matteinee Matte Lip Crayon Lipstick,https://www.nykaa.com/kay-matteinee-lip-crayon/p/573181
573572,Kay Beauty Matte Action Lip Liner,https://www.nykaa.com/kay-matte-action-lip-pencil/p/573572
573594,Kay Beauty Waterproof 24 Hour Kajal - Spade - Black,https://www.nykaa.com/kay-kohlstar-kajal-spade/p/573594
575926,Olay Ultimate Skin Regimen Kit,https://www.nykaa.com/olay-ultimate-eye-cream-with-total-effect-uv-day-50g-total-effect-night-cream-20g/p/575926
5880612,Nykaa Glamoreyes Coloured Liquid Eyeliner & Pencil Duo - Chaotic Calypso + Jade Jinx,https://www.nykaa.com/nykaa-cosmetics-glamoreyes-coloured-liquid-eyeliner-pencil-duo-chaotic-calypso-jade-jinx/p/5880612
5880614,Nykaa Bestsellers - So Creme Lipstick - Wakeup Makeup + All Day Matte Liquid Lipstick - Soul Sister,https://www.nykaa.com/nykaa-cosmetics-bestseller-so-creme-lipstick-wakeup-makeup-all-day-matte-liquid-lipstick-soul-sister/p/5880614
594425,Herbal Essences Argan Oil Of Moroccan Shampoo & Conditioner With Free Neem Comb,https://www.nykaa.com/slash-save-herbal-essences-argan-shampoo-and-conditioner-kit/p/594425
598027,Kay Beauty Metallic Eyeshadow Stick Pencil,https://www.nykaa.com/kay-beauty-metal-show-eyeshadow-stick/p/598027
6028352,Lakme 9to5 Primer + Matte Liquid Lip Color,https://www.nykaa.com/lakme-9to5-primer-matte-liquid-lip-color/p/6028352
60541,Olay Total Effects 7 In One Anti-Ageing Day Cream Normal SPF 15,https://www.nykaa.com/olay-total-effects-7-in-one-anti-ageing-cream-normal-day-spf-15/p/60541
6057747,Maybelline New York Colossal Mascara With 2 Free Sensational Liquid Matte Mini - Best Babe,https://www.nykaa.com/maybelline-new-york-colossal-mascara-with-2-free-sensational-liquid-matte-mini-best-babe/p/6057747
61305,Olay White Radiance Day & Night Cream for Brightening and Glow,https://www.nykaa.com/olay-white-radiance-day-and-night-brigthening-intensive-regime/p/61305
626493,Nykaa Wing In A Blink Eyeliner Pen - Dark Knight 01,https://www.nykaa.com/nykaa-wing-in-a-blink-eyeliner-pen-dark-knight-01/p/626493
626907,Kay Beauty Nail Nourish Nail Enamel Polish,https://www.nykaa.com/kay-beauty-nail-nourish-nail-enamel-polish/p/626907
64110,L'Oreal Paris Volume Million Lashes Waterproof Mascara,https://www.nykaa.com/l-oreal-paris-volume-million-lashes-waterproof-mascara/p/64110
646041,Nykaa Mirror Shine Trousseau Box - Rose Gold,https://www.nykaa.com/nykaa-mirror-shine-trousseau-box-rose-gold/p/646041
648648,L'Oreal Paris Matte Signature Eyeliner,https://www.nykaa.com/l-oreal-paris-matte-signature-eyeliner/p/648648
648655,L'Oreal Paris x Karl Lagerfeld Lipstick,https://www.nykaa.com/l-oreal-paris-x-karl-lagerfeld-lipstick/p/648655
648660,L'Oreal Paris Le Bar Powder Blush - 8 City Explorer,https://www.nykaa.com/l-oreal-paris-le-bar-shimmer-blush-8-city-explorer/p/648660
648691,Maybelline New York Tattoo Studio Gel Eyeliner Pencil,https://www.nykaa.com/maybelline-new-york-tattoo-studio-gel-eyeliner-pencil/p/648691
654419,Kay Beauty Colour Corrector Stick,https://www.nykaa.com/kay-beauty-colour-corrector-stick/p/654419
654428,Kay Beauty Contour Stick,https://www.nykaa.com/kay-beauty-contour-stick/p/654428
6565374,Lakme Matte Ultimate Festive Lips Combo,https://www.nykaa.com/lakme-matte-ultimate-festive-lips-combo/p/6565374
6583638,Kay Beauty Gel Eye Pencil,https://www.nykaa.com/kay-beauty-gel-eye-pencil/p/6583638
6599370,Kay Beauty Island Vibes Combo - Gel Eye Pencils In Blue & Green,https://www.nykaa.com/kay-beauty-island-vibes-combo-gel-eye-pencils-in-blue-green/p/6599370
6599374,Kay Beauty Cocktail Hour Combo - Gel Eye Pencils In Gold & Olive,https://www.nykaa.com/kay-beauty-cocktail-hour-combo-gel-eye-pencils-in-gold-olive/p/6599374
6599375,Kay Beauty Shine On Combo - Gel Eye Pencils In Bronze & Green,https://www.nykaa.com/kay-beauty-shine-on-combo-gel-eye-pencils-in-bronze-gold/p/6599375
6604346,Herbal Essences Argan Shampoo + Argan Conditioner,https://www.nykaa.com/herbal-essences-argan-shampoo-argan-conditioner/p/6604346
6604347,Herbal Essences Strawberry Shampoo + Strawberry Conditioner,https://www.nykaa.com/herbal-essences-strawberry-shampoo-strawberry-conditioner/p/6604347
681194,L'Oreal Paris Infallible Ultra Matte Liquid Les Macarons Lipstick,https://www.nykaa.com/l-oreal-paris-infallible-ultra-matte-liquid-les-macarons-lipstick/p/681194
68138,Nykaa Dual Tone Nail Enamel Remover,https://www.nykaa.com/nykaa-dual-tone-nail-enamel-remover/p/68138
6836720,"Olay Aha & Niacinamide Super Cream , Acne Mark & Spot Removal Cream - For All Skin Types",https://www.nykaa.com/olay-aha-niacinamide-super-cream/p/6836720
684657,Lakme Absolute Kohl Ultimate The Gelato Collection,https://www.nykaa.com/lakme-absolute-kohl-ultimate-the-gelato-collection/p/684657
68508,Lakme Absolute Illuminating Blush Shimmer Brick,https://www.nykaa.com/lakme-absolute-illuminating-blush-shimmer-brick/p/68508
692818,Kay Beauty Ultra Black Volume & Length Mascara - Midnight,https://www.nykaa.com/kay-beauty-volume-length-mascara-midnight/p/692818
692836,Kay Beauty Quick Dry Liquid Eyeliner,https://www.nykaa.com/kay-beauty-eye-stylist-liquid-eyeliner/p/692836
7066986,Maybelline New York Sensational Liquid Matte Minis Pack Of 3,https://www.nykaa.com/maybelline-new-york-sensational-liquid-matte-minis-pack-of-3-na/p/7066986
73008,Maybelline New York V-Face Duo Stick,https://www.nykaa.com/maybelline-new-york-v-face-duo-stick/p/73008
7308001,L'Oreal Paris Glycolic Bright Day Regime,https://www.nykaa.com/l-oreal-paris-glycolic-bright-day-regime/p/7308001
739418,Olay Regenerist Whip Mini and Ultimate Eye Cream Combo,https://www.nykaa.com/olay-regenerist-whip-mini-and-ultimate-eye-cream-combo/p/739418
766520,Kay Beauty Matte HD Setting Loose Powder,https://www.nykaa.com/kay-beauty-hd-setting-loose-powder/p/766520
766529,Kay Beauty HD Translucent Loose Powder - White,https://www.nykaa.com/kay-beauty-hd-translucent-loose-powder-white/p/766529
771559,L'Oreal Paris Hair Colour Protection Combo - Casting Creme Gloss Hair Colour 400 Dark Brown + Magic Retouch,https://www.nykaa.com/nylpbndl00486/p/771559
774771,Nykaa 3 Ply Mask With Face Shield,https://www.nykaa.com/nykaa-3-ply-mask-with-face-shield/p/774771
7749427,Maybelline New York Super Stay Matte Ink Liquid Lipstick Birthday Collection,https://www.nykaa.com/maybelline-new-york-super-stay-matte-ink-liquid-lipstick-390-life-of-the-party/p/7749427
781070,Olay Ultra Lightweight Moisturiser: Luminous Whip Day Cream (non SPF),https://www.nykaa.com/olay-ultra-lightweight-moisturiser-luminous-whip-day-cream-non-spf/p/781070
784419,Nykaa Woman Washable and Reusable Face Mask - Tropical,https://www.nykaa.com/nykaa-washable-and-reusable-4-filter-mask/p/784419
784422,Nykaa Face and Eye Shield Mask,https://www.nykaa.com/nykaa-face-and-eye-shield-mask/p/784422
785729,Nykaa Skin Secrets Tea Tree & Salicylic Acid Spot Patch,https://www.nykaa.com/nykaa-skin-secrets-spot-on-tea-tree-salicylic-acid-pimple-patch-old/p/785729
787778,Nykaa Matte to Last! Mini Liquid Lipstick - Jhumki 14,https://www.nykaa.com/nykaa-matte-to-last-mini-liquid-lipstick-jhumki-14/p/787778
792460,Nykaa Sun Gaze Holographic Vanity Kit 2,https://www.nykaa.com/nykaa-sun-gaze-holographic-vanity-kit-2/p/792460
8078,"NIVEA Sun Lotion, SPF 50, with UVA & UVB Protection, Water Resistant Sunscreen",https://www.nykaa.com/nivea-moisturising-sun-lotion-spf-50/p/8078
815797,"Nykaa Moi Fragrance Mini Bar Combo- Amour, Bisous, Joie De Vivre, Raison D'Etre",https://www.nykaa.com/nykaa-fragrance-mini-bar-combo/p/815797
822104,NYX Professional Makeup Long Lasting Makeup Setting Spray Radiant Finish,https://www.nykaa.com/nyx-professional-makeup-long-lasting-makeup-setting-spray-radiant-finish/p/822104
834303,Kay Beauty Illuminating Highlighter,https://www.nykaa.com/kay-beauty-illuminating-highlighter/p/834303
860860,Lakme Absolute Illuminating Blush Shimmer Brick - In Pink + Eyeconic Curling Mascara - Black Combo,https://www.nykaa.com/lakme-absolute-illuminating-blush-shimmer-brick-in-pink-eyeconic-curling-mascara-black-combo/p/860860
861356,Maybelline New York Define & Blend Brow Pencil,https://www.nykaa.com/maybelline-new-york-define-blend-brow-pencil/p/861356
930436,Lakme 9 To 5 Matte Moist Mattifying Moisturiser,https://www.nykaa.com/lakme-9-to-5-matte-moist-mattifying-moisturiser-50-gm/p/930436
9471,Lakme Absolute Forever Silk Eyeliner,https://www.nykaa.com/lakme-absolute-forever-silk-eyeliner/p/9471
950973,Nykaa Matte to Last! Mini Metallic Liquid Lipstick and Eyeshadow,https://www.nykaa.com/nykaa-matte-to-last-mini-metallic-liquid-lipstick-and-eyeshadow/p/950973
981,Lakme Kajal - Black,https://www.nykaa.com/lakme-kajal/p/981
982132,Nykaa Mirror Shine Trousseau Box,https://www.nykaa.com/nykaa-mirror-shine-trousseau-box/p/982132
995305,Lakme Eye-conic Eyes Combo,https://www.nykaa.com/lakme-eye-conic-eyes-combo-pink-friday-nov2020-slash-save/p/995305
