product_id,product_name,category,price,description,image_path,product_url
101,Colorbar Mogra Mist - Scent Of An India Temple - 001,Fragrance,417,Premium Fragrance product: Colorbar Mogra Mist - Scent Of An India Temple - 001,images/101.jpg,https://www.nykaa.com/colorbar-mogra-mist-scent-of-an-india-temple-001/p/4633369
102,Get Party Ready With Kay Beauty Lip Liner - Dance Off & Matte Lipstick - Premier,Makeup,1394,Premium Makeup product: Get Party Ready With Kay Beauty Lip Liner - Dance Off & Matte Lipstick - Premier,images/102.jpg,https://www.nykaa.com/get-party-ready-with-kay-beauty-lip-liner-dance-off-matte-lipstick-premier/p/3621132
103,Herbal Essences Aloe & Bamboo Conditioner Soft Smooth Hair- No- Sulphates and Paraben(400gm),Haircare,578,Premium Haircare product: Herbal Essences Aloe & Bamboo Conditioner Soft Smooth Hair- No- Sulphates and Paraben(400gm),images/103.jpg,https://www.nykaa.com/herbal-essences-potent-aloe-bamboo-conditioner-sulphates-and-paraben-free-400ml/p/1044491
104,""Herbal Essences Aloe & Bamboo Shampoo + Conditioner For Soft Smooth Hair, No Sulphates & Paraben"",Haircare,1181,""Premium Haircare product: Herbal Essences Aloe & Bamboo Shampoo + Conditioner For Soft Smooth Hair, No Sulphates & Paraben"",images/104.jpg,https://www.nykaa.com/herbal-essences-potent-aloe-bamboo-shampoo-and-conditioner-combo-sulphate-and-paraben-free/p/1290145"
105,""Herbal Essences Aloe & Bamboo Shampoo + Conditioner Kit For Soft Hair, Sulphate & Paraben Free"",Haircare,945,""Premium Haircare product: Herbal Essences Aloe & Bamboo Shampoo + Conditioner Kit For Soft Hair, Sulphate & Paraben Free"",images/105.jpg,https://www.nykaa.com/herbal-essences-soha-aloe-bamboo-shampoo-conditioner-kit-for-soft-hair-sulphate-paraben-free/p/3753166"
106,""Herbal Essences Aloe & Bamboo Shampoo For Soft Smooth Hair, No-Sulphates, Paraben and Silicones"",Haircare,525,""Premium Haircare product: Herbal Essences Aloe & Bamboo Shampoo For Soft Smooth Hair, No-Sulphates, Paraben and Silicones"",images/106.jpg,https://www.nykaa.com/herbal-essences-potent-aloe-bamboo-shampoo-sulphates-silicones-and-paraben-free-400ml/p/1044492"
107,""Herbal Essences Aloe & Eucalyptus Shampoo + Aloe & Bamboo Conditioner, No- Sulphates & Paraben"",Haircare,1103,""Premium Haircare product: Herbal Essences Aloe & Eucalyptus Shampoo + Aloe & Bamboo Conditioner, No- Sulphates & Paraben"",images/107.jpg,https://www.nykaa.com/herbal-essences-potent-aloe-eucalyptus-shampoo-and-bamboo-conditioner-sulphate-and-paraben-free/p/1290147"
108,""Herbal Essences Aloe & Eucalyptus Shampoo For Soft Smooth Hair, No- Sulphates, Paraben and Silicones"",Haircare,525,""Premium Haircare product: Herbal Essences Aloe & Eucalyptus Shampoo For Soft Smooth Hair, No- Sulphates, Paraben and Silicones"",images/108.jpg,https://www.nykaa.com/herbal-essences-potent-aloe-eucalyptus-shampoo-sulphates-silicones-and-paraben-free-400ml/p/1044490"
109,Herbal Essences Argan 2 Shampoo + Conditioner,Haircare,1295,Premium Haircare product: Herbal Essences Argan 2 Shampoo + Conditioner,images/109.jpg,https://www.nykaa.com/herbal-essences-argan-2-shampoo-conditioner/p/1135934
110,Herbal Essences Argan Oil Of Moroccan Shampoo & Conditioner With Free Neem Comb,Haircare,750,Premium Haircare product: Herbal Essences Argan Oil Of Moroccan Shampoo & Conditioner With Free Neem Comb,images/110.jpg,https://www.nykaa.com/slash-save-herbal-essences-argan-shampoo-and-conditioner-kit/p/594425
111,Herbal Essences Argan Oil Of Morocco Conditioner - For Frizz Free Hair - Paraben Free,Haircare,390,Premium Haircare product: Herbal Essences Argan Oil Of Morocco Conditioner - For Frizz Free Hair - Paraben Free,images/111.jpg,https://www.nykaa.com/herbal-essences-argan-oil-of-morocco-conditioner-for-frizz-free-hair-paraben-free/p/5360839
112,Herbal Essences Argan Oil Of Morocco Shampoo - For Frizz Free Hair - Paraben Free,Haircare,390,Premium Haircare product: Herbal Essences Argan Oil Of Morocco Shampoo - For Frizz Free Hair - Paraben Free,images/112.jpg,https://www.nykaa.com/herbal-essences-argan-oil-of-morocco-shampoo-for-frizz-free-hair-paraben-free/p/5360837
113,""Herbal Essences Argan Oil Shampoo & Conditioner For Frizz - No Parabens, No Colourants"",Haircare,533,""Premium Haircare product: Herbal Essences Argan Oil Shampoo & Conditioner For Frizz - No Parabens, No Colourants"",images/113.jpg,https://www.nykaa.com/herbal-essences-argan-oil-shampoo-conditioner-for-frizz-no-parabens-no-colourants/p/4719644"
114,""Herbal Essences Argan Oil Shampoo & Conditioner For Frizz - No Parabens, No Colourants"",Haircare,688,""Premium Haircare product: Herbal Essences Argan Oil Shampoo & Conditioner For Frizz - No Parabens, No Colourants"",images/114.jpg,https://www.nykaa.com/herbal-essences-argan-oil-shampoo-conditioner-for-frizz-no-parabens-no-colourants/p/4719644"
115,Herbal Essences Argan Shampoo + Argan Conditioner,Haircare,667,Premium Haircare product: Herbal Essences Argan Shampoo + Argan Conditioner,images/115.jpg,https://www.nykaa.com/herbal-essences-argan-shampoo-argan-conditioner/p/6604346
116,Herbal Essences Bio:Renew Hydrate Coconut Milk Conditioner,Haircare,423,Premium Haircare product: Herbal Essences Bio:Renew Hydrate Coconut Milk Conditioner,images/116.jpg,https://www.nykaa.com/herbal-essences-bio-renew-hydrate-coconut-milk-conditioner-400ml/p/452448
117,Herbal Essences Bio:Renew Strength Whipped Cocoa Butter Conditioner,Haircare,423,Premium Haircare product: Herbal Essences Bio:Renew Strength Whipped Cocoa Butter Conditioner,images/117.jpg,https://www.nykaa.com/herbal-essences-bio-renew-strength-whipped-cocoa-butter-conditioner-400ml/p/452449
118,Herbal Essences Cocoa Butter 2 Shampoo + Conditioner,Haircare,1295,Premium Haircare product: Herbal Essences Cocoa Butter 2 Shampoo + Conditioner,images/118.jpg,https://www.nykaa.com/herbal-essences-argan-2-shampoo-conditioner/p/1135937
119,""Herbal Essences Cocoa Butter Shampoo & Conditioner For Hair Strengthening - No Parabens, No Colourants"",Haircare,875,""Premium Haircare product: Herbal Essences Cocoa Butter Shampoo & Conditioner For Hair Strengthening - No Parabens, No Colourants"",images/119.jpg,https://www.nykaa.com/herbal-essences-bio-renew-strength-whipped-cocoa-butter-shampoo-conditioner-combo/p/456562"
120,""Herbal Essences Cocoa Butter Shampoo For Hair Strengthening - No Parabens, No Colourants"",Haircare,390,""Premium Haircare product: Herbal Essences Cocoa Butter Shampoo For Hair Strengthening - No Parabens, No Colourants"",images/120.jpg,https://www.nykaa.com/herbal-essences-cocoa-butter-shampoo-for-hair-strengthening-no-parabens-no-colourants-400ml/p/452443"
121,Herbal Essences Coconut 2 Shampoo + Conditioner,Haircare,1295,Premium Haircare product: Herbal Essences Coconut 2 Shampoo + Conditioner,images/121.jpg,https://www.nykaa.com/herbal-essences-argan-2-shampoo-conditioner/p/1135936
122,""Herbal Essences Coconut Milk Shampoo & Conditioner For Hydration & Softness - No Parabens, No Colourants"",Haircare,875,""Premium Haircare product: Herbal Essences Coconut Milk Shampoo & Conditioner For Hydration & Softness - No Parabens, No Colourants"",images/122.jpg,https://www.nykaa.com/herbal-essences-bio-renew-hydrate-coconut-milk-shampoo-conditioner-combo/p/456560"
123,Herbal Essences Coconut Milk Shampoo For Hydration & Softness - No Parabens- No Colourants,Haircare,390,Premium Haircare product: Herbal Essences Coconut Milk Shampoo For Hydration & Softness - No Parabens- No Colourants,images/123.jpg,https://www.nykaa.com/herbal-essences-coconut-milk-shampoo-for-hydration-softness-no-parabens-no-colourants-400ml/p/452442
124,Herbal Essences Strawberry & Mint Conditioner - For Cleansing & Volume - Paraben Free,Haircare,277,Premium Haircare product: Herbal Essences Strawberry & Mint Conditioner - For Cleansing & Volume - Paraben Free,images/124.jpg,https://www.nykaa.com/herbal-essences-strawberry-mint-conditioner-for-cleansing-volume-paraben-free/p/5360840
125,Herbal Essences Strawberry & Mint Shampoo - For Cleansing & Volume - Paraben Free,Haircare,390,Premium Haircare product: Herbal Essences Strawberry & Mint Shampoo - For Cleansing & Volume - Paraben Free,images/125.jpg,https://www.nykaa.com/herbal-essences-strawberry-mint-shampoo-for-cleansing-volume-paraben-free/p/5360838
126,Herbal Essences Strawberry 2 Shampoo + Conditioner,Haircare,1295,Premium Haircare product: Herbal Essences Strawberry 2 Shampoo + Conditioner,images/126.jpg,https://www.nykaa.com/herbal-essences-argan-2-shampoo-conditioner/p/1135935
127,""Herbal Essences Strawberry Shampoo & Conditioner For Volume - No Parabens, No Colourants"",Haircare,875,""Premium Haircare product: Herbal Essences Strawberry Shampoo & Conditioner For Volume - No Parabens, No Colourants"",images/127.jpg,https://www.nykaa.com/herbal-essences-bio-renew-clean-white-strawberry-sweet-mint-shampoo-conditioner-combo/p/456563"
128,""Herbal Essences Strawberry Shampoo & Conditioner For Voluminous Hair - No Parabens, No Colourants"",Haircare,533,""Premium Haircare product: Herbal Essences Strawberry Shampoo & Conditioner For Voluminous Hair - No Parabens, No Colourants"",images/128.jpg,https://www.nykaa.com/herbal-essences-strawberry-shampoo-conditioner-for-voluminous-hair-no-parabens-no-colourants/p/4719645"
129,Herbal Essences Strawberry Shampoo + Strawberry Conditioner,Haircare,667,Premium Haircare product: Herbal Essences Strawberry Shampoo + Strawberry Conditioner,images/129.jpg,https://www.nykaa.com/herbal-essences-strawberry-shampoo-strawberry-conditioner/p/6604347
130,Kat's Bold Night Look - Kay Beauty Matte Lipstick & Liquid Eyeliner,Makeup,1273,Premium Makeup product: Kat's Bold Night Look - Kay Beauty Matte Lipstick & Liquid Eyeliner,images/130.jpg,https://www.nykaa.com/kat-s-bold-night-look-kay-beauty-matte-lipstick-liquid-eyeliner/p/3772408
131,Kay Beauty Cocktail Hour Combo - Gel Eye Pencils In Gold & Olive,Beauty Tools,1018,Premium Beauty Tools product: Kay Beauty Cocktail Hour Combo - Gel Eye Pencils In Gold & Olive,images/131.jpg,https://www.nykaa.com/kay-beauty-cocktail-hour-combo-gel-eye-pencils-in-gold-olive/p/6599374
132,Kay Beauty Colour Correcting Primer,Skincare,599,Premium Skincare product: Kay Beauty Colour Correcting Primer,images/132.jpg,https://www.nykaa.com/kay-beauty-colour-correcting-primer/p/2662674
133,Kay Beauty Colour Corrector Stick,Skincare,449,Premium Skincare product: Kay Beauty Colour Corrector Stick,images/133.jpg,https://www.nykaa.com/kay-beauty-colour-corrector-stick/p/654419
134,Kay Beauty Contour Stick,Skincare,509,Premium Skincare product: Kay Beauty Contour Stick,images/134.jpg,https://www.nykaa.com/kay-beauty-contour-stick/p/654428
135,Kay Beauty Creme Blush,Makeup,799,Premium Makeup product: Kay Beauty Creme Blush,images/135.jpg,https://www.nykaa.com/kay-beauty-creme-blush-sweetheart-pink/p/5093150
136,Kay Beauty Eyeshadow Palette,Skincare,959,Premium Skincare product: Kay Beauty Eyeshadow Palette,images/136.jpg,https://www.nykaa.com/kay-beauty-eyekanvas-eyeshadow-palette/p/1324436
137,Kay Beauty Gel Eye Pencil,Skincare,599,Premium Skincare product: Kay Beauty Gel Eye Pencil,images/137.jpg,https://www.nykaa.com/kay-beauty-gel-eye-pencil/p/6583638
138,Kay Beauty Glittery Glam Nails Look With Kay Beauty Nail Enamel Nail Polish,Skincare,356,Premium Skincare product: Kay Beauty Glittery Glam Nails Look With Kay Beauty Nail Enamel Nail Polish,images/138.jpg,https://www.nykaa.com/kay-beauty-glittery-glam-nails-look-with-kay-beauty-nail-enamel-nail-polish/p/4970778
139,Kay Beauty HD Liquid Colour Corrector,Skincare,679,Premium Skincare product: Kay Beauty HD Liquid Colour Corrector,images/139.jpg,https://www.nykaa.com/kay-beauty-hd-liquid-colour-corrector/p/5722072
140,Kay Beauty HD Translucent Loose Powder - White,Skincare,719,Premium Skincare product: Kay Beauty HD Translucent Loose Powder - White,images/140.jpg,https://www.nykaa.com/kay-beauty-hd-translucent-loose-powder-white/p/766529
141,Kay Beauty Hd Liquid Concealer,Makeup,679,Premium Makeup product: Kay Beauty Hd Liquid Concealer,images/141.jpg,https://www.nykaa.com/kay-beauty-hd-liquid-concealer/p/4518371
142,Kay Beauty Hydrating Foundation,Makeup,900,Premium Makeup product: Kay Beauty Hydrating Foundation,images/142.jpg,https://www.nykaa.com/kay-beauty-hydrating-foundation/p/1229442
143,Kay Beauty Illuminating Highlighter,Makeup,639,Premium Makeup product: Kay Beauty Illuminating Highlighter,images/143.jpg,https://www.nykaa.com/kay-beauty-illuminating-highlighter/p/834303
144,Kay Beauty Island Vibes Combo - Gel Eye Pencils In Blue & Green,Beauty Tools,1018,Premium Beauty Tools product: Kay Beauty Island Vibes Combo - Gel Eye Pencils In Blue & Green,images/144.jpg,https://www.nykaa.com/kay-beauty-island-vibes-combo-gel-eye-pencils-in-blue-green/p/6599370
145,Kay Beauty Lip & Cheek Combo,Makeup,1358,Premium Makeup product: Kay Beauty Lip & Cheek Combo,images/145.jpg,https://www.nykaa.com/kay-beauty-kay-beauty-lip-cheek-combo/p/4970783
146,Kay Beauty Matte Action Lip Liner,Makeup,413,Premium Makeup product: Kay Beauty Matte Action Lip Liner,images/146.jpg,https://www.nykaa.com/kay-matte-action-lip-pencil/p/573572
147,Kay Beauty Matte Blush,Makeup,639,Premium Makeup product: Kay Beauty Matte Blush,images/147.jpg,https://www.nykaa.com/kay-beauty-matte-blush/p/1080669
148,Kay Beauty Matte Compact,Skincare,639,Premium Skincare product: Kay Beauty Matte Compact,images/148.jpg,https://www.nykaa.com/kay-beauty-matte-compact/p/1129386
149,Kay Beauty Matte Drama Long Stay Lipstick,Makeup,749,Premium Makeup product: Kay Beauty Matte Drama Long Stay Lipstick,images/149.jpg,https://www.nykaa.com/kay-beauty-matte-lipstick/p/1010793
150,Kay Beauty Matte HD Setting Loose Powder,Skincare,599,Premium Skincare product: Kay Beauty Matte HD Setting Loose Powder,images/150.jpg,https://www.nykaa.com/kay-beauty-hd-setting-loose-powder/p/766520
151,Kay Beauty Matte Lips Combo - Lip Crayon - Wee Hours & Matte Lipstick - Backstage,Makeup,1438,Premium Makeup product: Kay Beauty Matte Lips Combo - Lip Crayon - Wee Hours & Matte Lipstick - Backstage,images/151.jpg,https://www.nykaa.com/kay-beauty-matte-lips-combo-lip-crayon-wee-hours-matte-lipstick-backstage/p/3621135
152,Kay Beauty Matteinee Matte Lip Crayon Lipstick,Makeup,639,Premium Makeup product: Kay Beauty Matteinee Matte Lip Crayon Lipstick,images/152.jpg,https://www.nykaa.com/kay-matteinee-lip-crayon/p/573181
153,Kay Beauty Matteinee Matte Lip Crayon Lipstick Combo - Rom Com & Wee Hours,Makeup,1438,Premium Makeup product: Kay Beauty Matteinee Matte Lip Crayon Lipstick Combo - Rom Com & Wee Hours,images/153.jpg,https://www.nykaa.com/kay-beauty-matteinee-matte-lip-crayon-lipstick-combo-rom-com-wee-hours/p/2783911
154,Kay Beauty Metallic Eyeshadow Stick Pencil,Skincare,449,Premium Skincare product: Kay Beauty Metallic Eyeshadow Stick Pencil,images/154.jpg,https://www.nykaa.com/kay-beauty-metal-show-eyeshadow-stick/p/598027
155,Kay Beauty Nail Nourish Nail Emanel Combo - Carnival & Wine Berry,Beauty Tools,360,Premium Beauty Tools product: Kay Beauty Nail Nourish Nail Emanel Combo - Carnival & Wine Berry,images/155.jpg,https://www.nykaa.com/kay-beauty-nail-nourish-nail-emanel-combo-carnival-wine-berry/p/2809496
156,Kay Beauty Nail Nourish Nail Enamel Polish,Skincare,169,Premium Skincare product: Kay Beauty Nail Nourish Nail Enamel Polish,images/156.jpg,https://www.nykaa.com/kay-beauty-nail-nourish-nail-enamel-polish/p/626907
157,Kay Beauty Paint Your Mood Nail Enamel Combo,Beauty Tools,506,Premium Beauty Tools product: Kay Beauty Paint Your Mood Nail Enamel Combo,images/157.jpg,https://www.nykaa.com/kay-beauty-paint-your-mood-nail-enamel-combo/p/2809493
158,Kay Beauty Pastel Crush Nail Enamel Combo- Tender Lavender + Aspire + Pink Gem,Beauty Tools,574,Premium Beauty Tools product: Kay Beauty Pastel Crush Nail Enamel Combo- Tender Lavender + Aspire + Pink Gem,images/158.jpg,https://www.nykaa.com/kay-beauty-pastel-crush-nail-enamel-combo/p/2809492
159,Kay Beauty Pastel Perfection Nail Enamel Combo,Beauty Tools,360,Premium Beauty Tools product: Kay Beauty Pastel Perfection Nail Enamel Combo,images/159.jpg,https://www.nykaa.com/kay-beauty-pastel-perfection-nail-enamel-combo/p/2809497
160,Kay Beauty Quick Dry Liquid Eyeliner,Makeup,399,Premium Makeup product: Kay Beauty Quick Dry Liquid Eyeliner,images/160.jpg,https://www.nykaa.com/kay-beauty-eye-stylist-liquid-eyeliner/p/692836
161,Kay Beauty Shine On Combo - Gel Eye Pencils In Bronze & Green,Beauty Tools,1018,Premium Beauty Tools product: Kay Beauty Shine On Combo - Gel Eye Pencils In Bronze & Green,images/161.jpg,https://www.nykaa.com/kay-beauty-shine-on-combo-gel-eye-pencils-in-bronze-gold/p/6599375
162,Kay Beauty Ultra Black Volume & Length Mascara - Midnight,Makeup,679,Premium Makeup product: Kay Beauty Ultra Black Volume & Length Mascara - Midnight,images/162.jpg,https://www.nykaa.com/kay-beauty-volume-length-mascara-midnight/p/692818
163,Kay Beauty Waterproof 24 Hour Kajal - Spade - Black,Skincare,249,Premium Skincare product: Kay Beauty Waterproof 24 Hour Kajal - Spade - Black,images/163.jpg,https://www.nykaa.com/kay-kohlstar-kajal-spade/p/573594
164,L'Oreal Paris Age 20+ Skin Perfect Cream UV Filters,Skincare,115,Premium Skincare product: L'Oreal Paris Age 20+ Skin Perfect Cream UV Filters,images/164.jpg,https://www.nykaa.com/l-oreal-paris-age-20-skin-perfect-cream-uv-filters/p/18744
165,L'Oreal Paris Casting Creme Gloss Hair Color - 316 + Magic Retouch Instant Root Concealer - 2 Dark Brown,Makeup,929,Premium Makeup product: L'Oreal Paris Casting Creme Gloss Hair Color - 316 + Magic Retouch Instant Root Concealer - 2 Dark Brown,images/165.jpg,https://www.nykaa.com/l-oreal-paris-casting-creme-gloss-hair-color-316-plum-magic-retouch-instant-root-concealer-2-dark-brown/p/301196
166,L'Oreal Paris Casting Creme Gloss Ultra Visible Conditioning Hair Color,Haircare,650,Premium Haircare product: L'Oreal Paris Casting Creme Gloss Ultra Visible Conditioning Hair Color,images/166.jpg,https://www.nykaa.com/l-oreal-paris-casting-creme-gloss-ultra-visible-conditioning-hair-color/p/4394259
167,L'Oreal Paris Excellence Fashion Highlights Hair Color,Haircare,350,Premium Haircare product: L'Oreal Paris Excellence Fashion Highlights Hair Color,images/167.jpg,https://www.nykaa.com/l-oreal-paris-excellence-fashion-highlights-hair-color/p/266374
168,L'Oreal Paris Flash Cat Eye Eyeliner - Black,Makeup,799,Premium Makeup product: L'Oreal Paris Flash Cat Eye Eyeliner - Black,images/168.jpg,https://www.nykaa.com/l-oreal-paris-flash-cat-eye-eyeliner-black/p/435111
169,L'Oreal Paris Glycolic Bright Day Regime,Skincare,1102,Premium Skincare product: L'Oreal Paris Glycolic Bright Day Regime,images/169.jpg,https://www.nykaa.com/l-oreal-paris-glycolic-bright-day-regime/p/7308001
170,L'Oreal Paris Hair Colour Protection Combo - Casting Creme Gloss Hair Colour 400 Dark Brown + Magic Retouch,Haircare,929,Premium Haircare product: L'Oreal Paris Hair Colour Protection Combo - Casting Creme Gloss Hair Colour 400 Dark Brown + Magic Retouch,images/170.jpg,https://www.nykaa.com/nylpbndl00486/p/771559
171,L'Oreal Paris Infallible Gel Crayon Eyeliner,Makeup,429,Premium Makeup product: L'Oreal Paris Infallible Gel Crayon Eyeliner,images/171.jpg,https://www.nykaa.com/l-oreal-paris-infallible-gel-crayon-eyeliner/p/257862
172,L'Oreal Paris Infallible Le Rouge Lipstick,Makeup,990,Premium Makeup product: L'Oreal Paris Infallible Le Rouge Lipstick,images/172.jpg,https://www.nykaa.com/l-oreal-paris-infaillible-le-rouge-lipstick/p/479
173,L'Oreal Paris Infallible Mega Gloss,Skincare,830,Premium Skincare product: L'Oreal Paris Infallible Mega Gloss,images/173.jpg,https://www.nykaa.com/l-oreal-paris-infallible-mega-gloss/p/36379
174,L'Oreal Paris Infallible Pro-Spray & Set Makeup Extender,Makeup,999,Premium Makeup product: L'Oreal Paris Infallible Pro-Spray & Set Makeup Extender,images/174.jpg,https://www.nykaa.com/l-oreal-paris-infallible-pro-spray-set-makeup-extender/p/139993
175,L'Oreal Paris Infallible Ultra Matte Liquid Les Macarons Lipstick,Makeup,799,Premium Makeup product: L'Oreal Paris Infallible Ultra Matte Liquid Les Macarons Lipstick,images/175.jpg,https://www.nykaa.com/l-oreal-paris-infallible-ultra-matte-liquid-les-macarons-lipstick/p/681194
176,L'Oreal Paris Le Bar Powder Blush - 8 City Explorer,Makeup,509,Premium Makeup product: L'Oreal Paris Le Bar Powder Blush - 8 City Explorer,images/176.jpg,https://www.nykaa.com/l-oreal-paris-le-bar-shimmer-blush-8-city-explorer/p/648660
177,L'Oreal Paris Magic Retouch Instant Root Concealer Spray,Makeup,299,Premium Makeup product: L'Oreal Paris Magic Retouch Instant Root Concealer Spray,images/177.jpg,https://www.nykaa.com/l-oreal-paris-magic-retouch-instant-root-concealer/p/160488
178,L'Oreal Paris Matte Signature Eyeliner,Makeup,650,Premium Makeup product: L'Oreal Paris Matte Signature Eyeliner,images/178.jpg,https://www.nykaa.com/l-oreal-paris-matte-signature-eyeliner/p/648648
179,L'Oreal Paris Superliner Black Lacquer,Skincare,799,Premium Skincare product: L'Oreal Paris Superliner Black Lacquer,images/179.jpg,https://www.nykaa.com/l-oreal-superliner-black-lacquer/p/5612
180,L'Oreal Paris True Match BB Cream,Skincare,670,Premium Skincare product: L'Oreal Paris True Match BB Cream,images/180.jpg,https://www.nykaa.com/l-oreal-paris-true-match-bb-creams/p/353931
181,L'Oreal Paris Volume Million Lashes Waterproof Mascara,Makeup,999,Premium Makeup product: L'Oreal Paris Volume Million Lashes Waterproof Mascara,images/181.jpg,https://www.nykaa.com/l-oreal-paris-volume-million-lashes-waterproof-mascara/p/64110
182,L'Oreal Paris x Karl Lagerfeld Lipstick,Makeup,750,Premium Makeup product: L'Oreal Paris x Karl Lagerfeld Lipstick,images/182.jpg,https://www.nykaa.com/l-oreal-paris-x-karl-lagerfeld-lipstick/p/648655
183,Lakme 9 To 5 Matte Moist Mattifying Moisturiser,Skincare,279,Premium Skincare product: Lakme 9 To 5 Matte Moist Mattifying Moisturiser,images/183.jpg,https://www.nykaa.com/lakme-9-to-5-matte-moist-mattifying-moisturiser-50-gm/p/930436
184,Lakme 9to5 Primer + Matte Liquid Lip Color,Makeup,499,Premium Makeup product: Lakme 9to5 Primer + Matte Liquid Lip Color,images/184.jpg,https://www.nykaa.com/lakme-9to5-primer-matte-liquid-lip-color/p/6028352
185,Lakme Absolute Argan Oil Serum Foundation With SPF 45,Makeup,660,Premium Makeup product: Lakme Absolute Argan Oil Serum Foundation With SPF 45,images/185.jpg,https://www.nykaa.com/lakme-absolute-argan-oil-serum-foundation-with-spf-45/p/189912
186,Lakme Absolute Flutter Secrets Dramatic Eyes Mascara - Night Drama,Makeup,659,Premium Makeup product: Lakme Absolute Flutter Secrets Dramatic Eyes Mascara - Night Drama,images/186.jpg,https://www.nykaa.com/lakme-absolute-flutter-secrets-dramatic-eyes-mascara/p/14410
187,Lakme Absolute Forever Silk Eyeliner,Makeup,395,Premium Makeup product: Lakme Absolute Forever Silk Eyeliner,images/187.jpg,https://www.nykaa.com/lakme-absolute-forever-silk-eyeliner/p/9471
188,Lakme Absolute Illuminating Blush Shimmer Brick,Makeup,616,Premium Makeup product: Lakme Absolute Illuminating Blush Shimmer Brick,images/188.jpg,https://www.nykaa.com/lakme-absolute-illuminating-blush-shimmer-brick/p/68508
189,Lakme Absolute Illuminating Blush Shimmer Brick - In Pink + Eyeconic Curling Mascara - Black Combo,Makeup,976,Premium Makeup product: Lakme Absolute Illuminating Blush Shimmer Brick - In Pink + Eyeconic Curling Mascara - Black Combo,images/189.jpg,https://www.nykaa.com/lakme-absolute-illuminating-blush-shimmer-brick-in-pink-eyeconic-curling-mascara-black-combo/p/860860
190,Lakme Absolute Kohl Ultimate The Gelato Collection,Skincare,400,Premium Skincare product: Lakme Absolute Kohl Ultimate The Gelato Collection,images/190.jpg,https://www.nykaa.com/lakme-absolute-kohl-ultimate-the-gelato-collection/p/684657
191,Lakme Absolute Plush Matte Lip Crayon,Makeup,680,Premium Makeup product: Lakme Absolute Plush Matte Lip Crayon,images/191.jpg,https://www.nykaa.com/lakme-absolute-plush-matte-lip-crayon/p/1474924
192,Lakme Absolute White Intense SPF 20 Concealer Stick,Makeup,560,Premium Makeup product: Lakme Absolute White Intense SPF 20 Concealer Stick,images/192.jpg,https://www.nykaa.com/lakme-absolute-white-intense-concealer-stick-spf-20/p/1290
193,Lakme Blush & Glow Lemon Freshness Gel Face Wash,Makeup,115,Premium Makeup product: Lakme Blush & Glow Lemon Freshness Gel Face Wash,images/193.jpg,https://www.nykaa.com/lakme-blush-glow-lemon-freshness-gel-face-wash-with-lemon-extracts/p/457014
194,Lakme Enrich Matte Lipstick,Makeup,320,Premium Makeup product: Lakme Enrich Matte Lipstick,images/194.jpg,https://www.nykaa.com/lakme-enrich-matte-lipstick/p/44879
195,Lakme Enrich Satin Lipstick,Makeup,260,Premium Makeup product: Lakme Enrich Satin Lipstick,images/195.jpg,https://www.nykaa.com/lakme-enrich-satin-lipstick/p/24093
196,Lakme Eye-conic Eyes Combo,Beauty Tools,630,Premium Beauty Tools product: Lakme Eye-conic Eyes Combo,images/196.jpg,https://www.nykaa.com/lakme-eye-conic-eyes-combo-pink-friday-nov2020-slash-save/p/995305
197,Lakme Face Sheer Blusher,Makeup,383,Premium Makeup product: Lakme Face Sheer Blusher,images/197.jpg,https://www.nykaa.com/lakme-face-sheer-blush/p/1268
198,Lakme Kajal - Black,Skincare,75,Premium Skincare product: Lakme Kajal - Black,images/198.jpg,https://www.nykaa.com/lakme-kajal/p/981
199,Lakme Lip Gloss,Makeup,200,Premium Makeup product: Lakme Lip Gloss,images/199.jpg,https://www.nykaa.com/lakme-lip-gloss/p/1017
200,Lakme Matte Ultimate Festive Lips Combo,Makeup,1650,Premium Makeup product: Lakme Matte Ultimate Festive Lips Combo,images/200.jpg,https://www.nykaa.com/lakme-matte-ultimate-festive-lips-combo/p/6565374
201,Lakme Peach Milk Moisturizer Spf 24 Pa++,Skincare,449,Premium Skincare product: Lakme Peach Milk Moisturizer Spf 24 Pa++,images/201.jpg,https://www.nykaa.com/lakme-peach-milk-moisturizer-spf-24-pa/p/4639701
202,Lakme Perfect Definition Lipliner - Mauve Passion,Makeup,260,Premium Makeup product: Lakme Perfect Definition Lipliner - Mauve Passion,images/202.jpg,https://www.nykaa.com/lakme-perfect-definition-lipliner-mauve-passion/p/4586552
203,Lakme True Wear Nail Color,Skincare,125,Premium Skincare product: Lakme True Wear Nail Color,images/203.jpg,https://www.nykaa.com/lakme-true-wear-nail-color/p/1139
204,Masaba By Nykaa - Face Palm Lipstick & Nail Enamel Combo,Makeup,559,Premium Makeup product: Masaba By Nykaa - Face Palm Lipstick & Nail Enamel Combo,images/204.jpg,https://www.nykaa.com/masaba-by-nykaa-face-palm-lipstick-nail-enamel-combo/p/513866
205,Masaba By Nykaa - You Croc My World Lipstick & Nail Enamel Combo,Makeup,559,Premium Makeup product: Masaba By Nykaa - You Croc My World Lipstick & Nail Enamel Combo,images/205.jpg,https://www.nykaa.com/masaba-by-nykaa-you-croc-my-world-lipstick-nail-enamel-combo/p/513815
206,Masaba By Nykaa Lipstick,Makeup,300,Premium Makeup product: Masaba By Nykaa Lipstick,images/206.jpg,https://www.nykaa.com/masaba-by-nykaa-lipstick/p/513103
207,Masaba Signature Kit - Lipstick + Nail Paint + Mini Perfume,Makeup,768,Premium Makeup product: Masaba Signature Kit - Lipstick + Nail Paint + Mini Perfume,images/207.jpg,https://www.nykaa.com/masaba-signature-kit-lipstick-nail-paint-mini-perfume/p/3705524
208,Masaba's Fiery Orange Look- Lipstick + Nail enamel- Can't Deal,Makeup,399,Premium Makeup product: Masaba's Fiery Orange Look- Lipstick + Nail enamel- Can't Deal,images/208.jpg,https://www.nykaa.com/masaba-s-fiery-orange-combo/p/3756794
209,Maybelline New York Bold & Nude - Eye Combo,Beauty Tools,1448,Premium Beauty Tools product: Maybelline New York Bold & Nude - Eye Combo,images/209.jpg,https://www.nykaa.com/maybelline-new-york-bold-nude-eye-combo/p/1287915
210,Maybelline New York Clear Smooth All in One UV+ Lightening Oil Control Two Way Cake SPF 32 PA+++,Skincare,280,Premium Skincare product: Maybelline New York Clear Smooth All in One UV+ Lightening Oil Control Two Way Cake SPF 32 PA+++,images/210.jpg,https://www.nykaa.com/maybelline-clear-glow-pressed-powder/p/250
211,Maybelline New York Color Sensational Matte Metallic Lipstick,Makeup,475,Premium Makeup product: Maybelline New York Color Sensational Matte Metallic Lipstick,images/211.jpg,https://www.nykaa.com/maybelline-new-york-color-sensational-matte-metallic-lipstick/p/288288
212,Maybelline New York Color Sensational Satin Lipstick,Makeup,499,Premium Makeup product: Maybelline New York Color Sensational Satin Lipstick,images/212.jpg,https://www.nykaa.com/maybelline-new-york-color-sensational-satin-lipstick/p/452475
213,Maybelline New York Colossal Mascara With 2 Free Sensational Liquid Matte Mini - Best Babe,Makeup,399,Premium Makeup product: Maybelline New York Colossal Mascara With 2 Free Sensational Liquid Matte Mini - Best Babe,images/213.jpg,https://www.nykaa.com/maybelline-new-york-colossal-mascara-with-2-free-sensational-liquid-matte-mini-best-babe/p/6057747
214,Maybelline New York Define & Blend Brow Pencil,Skincare,295,Premium Skincare product: Maybelline New York Define & Blend Brow Pencil,images/214.jpg,https://www.nykaa.com/maybelline-new-york-define-blend-brow-pencil/p/861356
215,Maybelline New York Face Studio Master Contour Palette,Skincare,950,Premium Skincare product: Maybelline New York Face Studio Master Contour Palette,images/215.jpg,https://www.nykaa.com/maybelline-new-york-face-studio-master-contour-palette/p/176376
216,Maybelline New York Facestudio Master Strobing Cream,Skincare,665,Premium Skincare product: Maybelline New York Facestudio Master Strobing Cream,images/216.jpg,https://www.nykaa.com/maybelline-new-york-facestudio-master-strobing-cream/p/189962
217,Maybelline New York Fashion Brow Duo Shaper,Skincare,305,Premium Skincare product: Maybelline New York Fashion Brow Duo Shaper,images/217.jpg,https://www.nykaa.com/maybelline-fashion-brow-duo-shaper/p/26651
218,Maybelline New York Fit Me Compact Powder,Skincare,450,Premium Skincare product: Maybelline New York Fit Me Compact Powder,images/218.jpg,https://www.nykaa.com/maybelline-new-york-fit-me-compact-powder/p/4749403
219,Maybelline New York Lasting Drama Light Eyeliner Pencil,Makeup,325,Premium Makeup product: Maybelline New York Lasting Drama Light Eyeliner Pencil,images/219.jpg,https://www.nykaa.com/maybelline-new-york-lasting-drama-light-eyeliner-pencil/p/353883
220,Maybelline New York Liner & Palette Combo: Blushed Look,Makeup,1549,Premium Makeup product: Maybelline New York Liner & Palette Combo: Blushed Look,images/220.jpg,https://www.nykaa.com/maybelline-new-york-liner-palette-combo-blushed-look/p/1287936
221,Maybelline New York Sensational Liquid Matte Minis Pack Of 3,Skincare,285,Premium Skincare product: Maybelline New York Sensational Liquid Matte Minis Pack Of 3,images/221.jpg,https://www.nykaa.com/maybelline-new-york-sensational-liquid-matte-minis-pack-of-3-na/p/7066986
222,Maybelline New York Shine Compulsion Lipstick,Makeup,550,Premium Makeup product: Maybelline New York Shine Compulsion Lipstick,images/222.jpg,https://www.nykaa.com/maybelline-new-york-shine-compulsion-lipstick/p/435129
223,Maybelline New York Super Stay Matte Ink Liquid Lipstick Birthday Collection,Makeup,559,Premium Makeup product: Maybelline New York Super Stay Matte Ink Liquid Lipstick Birthday Collection,images/223.jpg,https://www.nykaa.com/maybelline-new-york-super-stay-matte-ink-liquid-lipstick-390-life-of-the-party/p/7749427
224,Maybelline New York Tattoo Studio Gel Eyeliner Pencil,Makeup,325,Premium Makeup product: Maybelline New York Tattoo Studio Gel Eyeliner Pencil,images/224.jpg,https://www.nykaa.com/maybelline-new-york-tattoo-studio-gel-eyeliner-pencil/p/648691
225,Maybelline New York The Blushed Nudes Eye Shadow Palette,Makeup,749,Premium Makeup product: Maybelline New York The Blushed Nudes Eye Shadow Palette,images/225.jpg,https://www.nykaa.com/maybelline-new-york-the-blushed-nudes-palette/p/48066
226,Maybelline New York The Colossal Liner - Black,Skincare,247,Premium Skincare product: Maybelline New York The Colossal Liner - Black,images/226.jpg,https://www.nykaa.com/maybelline-the-colossal-liner/p/18423
227,Maybelline New York V-Face Duo Stick,Skincare,670,Premium Skincare product: Maybelline New York V-Face Duo Stick,images/227.jpg,https://www.nykaa.com/maybelline-new-york-v-face-duo-stick/p/73008
228,Moi Day & Night Fragrance Duo - Bisous + Matin,Fragrance,423,Premium Fragrance product: Moi Day & Night Fragrance Duo - Bisous + Matin,images/228.jpg,https://www.nykaa.com/moi-day-night-fragrance-duo-bisous-matin/p/3705529
229,""NIVEA Sun Lotion, SPF 50, with UVA & UVB Protection, Water Resistant Sunscreen"",Skincare,342,""Premium Skincare product: NIVEA Sun Lotion, SPF 50, with UVA & UVB Protection, Water Resistant Sunscreen"",images/229.jpg,https://www.nykaa.com/nivea-moisturising-sun-lotion-spf-50/p/8078"
230,NYX Professional Makeup Born To Glow Liquid Illuminator,Makeup,723,Premium Makeup product: NYX Professional Makeup Born To Glow Liquid Illuminator,images/230.jpg,https://www.nykaa.com/nyx-professional-makeup-born-to-glow-liquid-illuminator/p/42142
231,NYX Professional Makeup Diamonds & Ice - Please Setting Spray Kit,Makeup,1999,Premium Makeup product: NYX Professional Makeup Diamonds & Ice - Please Setting Spray Kit,images/231.jpg,https://www.nykaa.com/nyx-professional-makeup-diamonds-ice-please-setting-spray-kit/p/1134707
232,NYX Professional Makeup Liquid Suede Cream Lipstick,Makeup,850,Premium Makeup product: NYX Professional Makeup Liquid Suede Cream Lipstick,images/232.jpg,https://www.nykaa.com/nyx-professional-makeup-liquid-suede-cream-lipstick/p/41880
233,NYX Professional Makeup Long Lasting Makeup Setting Spray Radiant Finish,Makeup,875,Premium Makeup product: NYX Professional Makeup Long Lasting Makeup Setting Spray Radiant Finish,images/233.jpg,https://www.nykaa.com/nyx-professional-makeup-long-lasting-makeup-setting-spray-radiant-finish/p/822104
234,NYX Professional Makeup Pore Filler,Makeup,1450,Premium Makeup product: NYX Professional Makeup Pore Filler,images/234.jpg,https://www.nykaa.com/nyx-professional-makeup-pore-filler/p/42085
235,NYX Professional Makeup Powder Puff Lippie Cream,Makeup,488,Premium Makeup product: NYX Professional Makeup Powder Puff Lippie Cream,images/235.jpg,https://www.nykaa.com/nyx-professional-makeup-powder-puff-lippie-cream/p/361744
236,NYX Professional Makeup Suede Matte Lip Liner,Makeup,450,Premium Makeup product: NYX Professional Makeup Suede Matte Lip Liner,images/236.jpg,https://www.nykaa.com/nyx-professional-makeup-suede-matte-lip-liner/p/173656
237,NYX Professional Makeup Ultimate Multi-Finish Shadow Palette,Makeup,1725,Premium Makeup product: NYX Professional Makeup Ultimate Multi-Finish Shadow Palette,images/237.jpg,https://www.nykaa.com/nyx-professional-makeup-ultimate-multi-finish-shadow-palette/p/190741
238,NYX Professional Makeup Wonder Stick,Makeup,835,Premium Makeup product: NYX Professional Makeup Wonder Stick,images/238.jpg,https://www.nykaa.com/nyx-professional-makeup-wonder-stick/p/42114
239,Nivea Naturally Good Care Box,Skincare,1078,Premium Skincare product: Nivea Naturally Good Care Box,images/239.jpg,https://www.nykaa.com/nivea-naturally-good-care-box/p/1473807
240,Nykaa 3 Ply Mask With Face Shield,Skincare,45,Premium Skincare product: Nykaa 3 Ply Mask With Face Shield,images/240.jpg,https://www.nykaa.com/nykaa-3-ply-mask-with-face-shield/p/774771
241,Nykaa All Day Matte Long Wear Foundation + Compact - Ivory,Makeup,742,Premium Makeup product: Nykaa All Day Matte Long Wear Foundation + Compact - Ivory,images/241.jpg,https://www.nykaa.com/nykaa-cosmetics-all-day-matte-long-lasting-foundation-compact-ivory/p/4996626
242,Nykaa All Thing Glam Makeup Bag - Golden Hour,Makeup,225,Premium Makeup product: Nykaa All Thing Glam Makeup Bag - Golden Hour,images/242.jpg,https://www.nykaa.com/nykaa-all-thing-glam-makeup-bag-golden-hour/p/277501
243,Nykaa All Thing Glam Makeup Bag - Pristine White,Makeup,225,Premium Makeup product: Nykaa All Thing Glam Makeup Bag - Pristine White,images/243.jpg,https://www.nykaa.com/nykaa-all-thing-glam-makeup-bag-pristine-white/p/277502
244,Nykaa Anti Acne Combo (Spot Patch + Face Wash + Sleeping Mask),Beauty Tools,311,Premium Beauty Tools product: Nykaa Anti Acne Combo (Spot Patch + Face Wash + Sleeping Mask),images/244.jpg,https://www.nykaa.com/nykaa-tea-tree-salicylic-acid-spot-patch-nykaa-tea-tree-neem-face-wash-nykaa-tea-tree-aloe-vera-sleeping-mask/p/2645338
245,""Nykaa Apple Cider Vinegar & Ginger Anti-Dandruff Shampoo,Conditioner,Hair Mask and Wrap Combo"",Haircare,1232,""Premium Haircare product: Nykaa Apple Cider Vinegar & Ginger Anti-Dandruff Shampoo,Conditioner,Hair Mask and Wrap Combo"",images/245.jpg,https://www.nykaa.com/nykaa-naturals-apple-cider-vinegar-ginger-anti-dandruff-shampoo-conditioner-hair-mask-and-towel/p/1502905"
246,Nykaa Bestsellers - So Creme Lipstick - Wakeup Makeup + All Day Matte Liquid Lipstick - Soul Sister,Makeup,551,Premium Makeup product: Nykaa Bestsellers - So Creme Lipstick - Wakeup Makeup + All Day Matte Liquid Lipstick - Soul Sister,images/246.jpg,https://www.nykaa.com/nykaa-cosmetics-bestseller-so-creme-lipstick-wakeup-makeup-all-day-matte-liquid-lipstick-soul-sister/p/5880614
247,Nykaa BlendPro Highlighting Fan Makeup Brush,Makeup,319,Premium Makeup product: Nykaa BlendPro Highlighting Fan Makeup Brush,images/247.jpg,https://www.nykaa.com/nykaa-blendpro-highlighting-fan-makeup-brush/p/437390
248,Nykaa BlendPro Powder Stippling Makeup Brush,Makeup,449,Premium Makeup product: Nykaa BlendPro Powder Stippling Makeup Brush,images/248.jpg,https://www.nykaa.com/nykaa-skin-secrets-sheet-mask/p/417929
249,Nykaa Bling It On Pouch,Skincare,225,Premium Skincare product: Nykaa Bling It On Pouch,images/249.jpg,https://www.nykaa.com/nykaa-bling-it-on-pouch/p/222623
250,Nykaa Bling It On! Mini Travel-Size Makeup Pouch - Blushing Gold,Makeup,169,Premium Makeup product: Nykaa Bling It On! Mini Travel-Size Makeup Pouch - Blushing Gold,images/250.jpg,https://www.nykaa.com/nykaa-bling-it-on-mini-travel-size-makeup-bag-blushing-gold/p/315082
251,Nykaa Bling It On! Mini Travel-Size Makeup Pouch - Stormy Goddess,Makeup,169,Premium Makeup product: Nykaa Bling It On! Mini Travel-Size Makeup Pouch - Stormy Goddess,images/251.jpg,https://www.nykaa.com/nykaa-bling-it-on-mini-travel-size-makeup-bag-stormy-goddess/p/315084
252,Nykaa Contour & Conquer - Contour and Highlight Duo - Sizzle Chisel 01,Skincare,559,Premium Skincare product: Nykaa Contour & Conquer - Contour and Highlight Duo - Sizzle Chisel 01,images/252.jpg,https://www.nykaa.com/nykaa-contour-conquer-contour-and-highlight-duo-sizzle-chisel-01/p/394618
253,Nykaa Cosmetics All Day Matte Long Wear Foundation + Compact - Beige,Makeup,742,Premium Makeup product: Nykaa Cosmetics All Day Matte Long Wear Foundation + Compact - Beige,images/253.jpg,https://www.nykaa.com/nykaa-cosmetics-all-day-matte-long-lasting-foundation-compact-beige/p/4996628
254,Nykaa Cosmetics Best Of Matte To Last In Minis- Janhvi + Madras Kaapi + Maharani,Skincare,574,Premium Skincare product: Nykaa Cosmetics Best Of Matte To Last In Minis- Janhvi + Madras Kaapi + Maharani,images/254.jpg,https://www.nykaa.com/nykaa-cosmetics-best-of-matte-to-last-in-minis/p/4613635
255,Nykaa Cosmetics BlendPro Highlighting Fan Makeup Brush & Foundation Makeup Brush Combo,Makeup,674,Premium Makeup product: Nykaa Cosmetics BlendPro Highlighting Fan Makeup Brush & Foundation Makeup Brush Combo,images/255.jpg,https://www.nykaa.com/nykaa-blendpro-highlighting-fan-makeup-brush-foundation-makeup-brush-combo/p/3652978
256,Nykaa Cosmetics Blendpro Powder Brushes Combo,Beauty Tools,909,Premium Beauty Tools product: Nykaa Cosmetics Blendpro Powder Brushes Combo,images/256.jpg,https://www.nykaa.com/nykaa-cosmetics-blendpro-powder-brushes-combo/p/5177218
257,Nykaa Cosmetics Breathable Nail Enamel Combo-Easy Nude + Dreamy Dahlia,Beauty Tools,318,Premium Beauty Tools product: Nykaa Cosmetics Breathable Nail Enamel Combo-Easy Nude + Dreamy Dahlia,images/257.jpg,https://www.nykaa.com/nykaa-easy-nude-pure-pink-breathable-nail-enamel-combo/p/3445858
258,Nykaa Cosmetics Breathable Nail Enamel Set Of 4- Downtime Daisy + Lazy Lilac + Sea Breeze+Stay Zen,Skincare,637,Premium Skincare product: Nykaa Cosmetics Breathable Nail Enamel Set Of 4- Downtime Daisy + Lazy Lilac + Sea Breeze+Stay Zen,images/258.jpg,https://www.nykaa.com/nykaa-cosmetics-breathable-nail-enamel-set-of-4/p/4749405
259,Nykaa Cosmetics Eyes On Me ! 4 In 1 Quad Eyeshadow Palette Desk To Date + Night Out,Skincare,558,Premium Skincare product: Nykaa Cosmetics Eyes On Me ! 4 In 1 Quad Eyeshadow Palette Desk To Date + Night Out,images/259.jpg,https://www.nykaa.com/nykaa-cosmetics-eyes-on-me-4-in-1-quad-eyeshadow-palette-desk-to-date-night-out/p/5694317
260,Nykaa Cosmetics Gel Shine Manicure- Nail Lacquer + Nail Care + Nail Enamel Remover,Skincare,798,Premium Skincare product: Nykaa Cosmetics Gel Shine Manicure- Nail Lacquer + Nail Care + Nail Enamel Remover,images/260.jpg,https://www.nykaa.com/nykaa-cosmetics-gel-shine-manicure/p/3597383
261,Nykaa Cosmetics Get Set Matte Liquid Lipstick Duo - G.O.A.T + LIT,Makeup,450,Premium Makeup product: Nykaa Cosmetics Get Set Matte Liquid Lipstick Duo - G.O.A.T + LIT,images/261.jpg,https://www.nykaa.com/nykaa-liquid-lipstick-duo/p/3840762
262,Nykaa Cosmetics Get Set Matte Look- All Day Matte compact powder- Maple + So Creme Matte Lipstick- Day Dreaming,Makeup,393,Premium Makeup product: Nykaa Cosmetics Get Set Matte Look- All Day Matte compact powder- Maple + So Creme Matte Lipstick- Day Dreaming,images/262.jpg,https://www.nykaa.com/get-set-matte-combo/p/3756792
263,Nykaa Cosmetics Glam Eyes Look-Glamoreyes Coloured Liquid EyelinerChaotic Calypso+Enchanting Forest,Makeup,478,Premium Makeup product: Nykaa Cosmetics Glam Eyes Look-Glamoreyes Coloured Liquid EyelinerChaotic Calypso+Enchanting Forest,images/263.jpg,https://www.nykaa.com/glam-eyes-combo/p/3756803
264,Nykaa Cosmetics Masaba By Nykaa Mini Pocket Perfume,Fragrance,224,Premium Fragrance product: Nykaa Cosmetics Masaba By Nykaa Mini Pocket Perfume,images/264.jpg,https://www.nykaa.com/nykaa-cosmetics-masaba-by-nykaa-mini-pocket-perfume/p/1066972
265,Nykaa Cosmetics Mini Skinshield Anti-pollution Matte Foundation - Very Vanilla 02,Makeup,169,Premium Makeup product: Nykaa Cosmetics Mini Skinshield Anti-pollution Matte Foundation - Very Vanilla 02,images/265.jpg,https://www.nykaa.com/nykaa-cosmetics-mini-skinshield-anti-pollution-matte-foundation-very-vanilla-02/p/4692430
266,Nykaa Cosmetics Pastel Manicure Kit,Skincare,736,Premium Skincare product: Nykaa Cosmetics Pastel Manicure Kit,images/266.jpg,https://www.nykaa.com/nykaa-cosmetics-pastel-manicure-kit/p/3597385
267,Nykaa Cosmetics So Matte Mini Nude Lipsticks - Bon Bon + Totes Natural + Cinnamon Crunch,Makeup,448,Premium Makeup product: Nykaa Cosmetics So Matte Mini Nude Lipsticks - Bon Bon + Totes Natural + Cinnamon Crunch,images/267.jpg,https://www.nykaa.com/nykaa-cosmetics-so-matte-everday-nudes/p/4613633
268,Nykaa Cosmetics Trending Neons Matte Nail Enamel - Cherry Pop + Lemonade Fizz + Pink Lemonade,Skincare,448,Premium Skincare product: Nykaa Cosmetics Trending Neons Matte Nail Enamel - Cherry Pop + Lemonade Fizz + Pink Lemonade,images/268.jpg,https://www.nykaa.com/nykaa-cosmetics-trending-neons-nail-enamel-combo/p/4641579
269,Nykaa Cosmetics Ultra Matte Lipsticks - Grace + Marilyn + Neferti,Makeup,574,Premium Makeup product: Nykaa Cosmetics Ultra Matte Lipsticks - Grace + Marilyn + Neferti,images/269.jpg,https://www.nykaa.com/nykaa-cosmetics-everyday-mattes-ultra-matte-grace-marilyn-neferti/p/4613638
270,Nykaa Dual Tone Nail Enamel Remover,Skincare,99,Premium Skincare product: Nykaa Dual Tone Nail Enamel Remover,images/270.jpg,https://www.nykaa.com/nykaa-dual-tone-nail-enamel-remover/p/68138
271,Nykaa Face and Eye Shield Mask,Skincare,239,Premium Skincare product: Nykaa Face and Eye Shield Mask,images/271.jpg,https://www.nykaa.com/nykaa-face-and-eye-shield-mask/p/784422
272,Nykaa Facial Ice Globes for Depuffing & Skin Tightening,Skincare,2774,Premium Skincare product: Nykaa Facial Ice Globes for Depuffing & Skin Tightening,images/272.jpg,https://www.nykaa.com/nykaa-facial-ice-globes-blue/p/1058010
273,Nykaa GLAMOReyes Coloured Liquid Eyeliner - 05 Dragon's Heart,Makeup,239,Premium Makeup product: Nykaa GLAMOReyes Coloured Liquid Eyeliner - 05 Dragon's Heart,images/273.jpg,https://www.nykaa.com/nykaa-glamoreyes-liquid-eyeliner-05-dragon-s-heart/p/220091
274,Nykaa Get Set Matte! Demi Matte Lip Cream Liquid Lipstick - BASIC,Makeup,450,Premium Makeup product: Nykaa Get Set Matte! Demi Matte Lip Cream Liquid Lipstick - BASIC,images/274.jpg,https://www.nykaa.com/nykaa-get-set-matte-demi-matte-lip-cream-basic/p/540693
275,Nykaa Get Winged! Sketch Eyeliner Pen - Black Swan 01,Makeup,360,Premium Makeup product: Nykaa Get Winged! Sketch Eyeliner Pen - Black Swan 01,images/275.jpg,https://www.nykaa.com/nykaa-get-winged-eyeliner-black-swan-01/p/196392
276,Nykaa Glamoreyes Coloured Liquid Eyeliner & Pencil Duo - Chaotic Calypso + Jade Jinx,Makeup,637,Premium Makeup product: Nykaa Glamoreyes Coloured Liquid Eyeliner & Pencil Duo - Chaotic Calypso + Jade Jinx,images/276.jpg,https://www.nykaa.com/nykaa-cosmetics-glamoreyes-coloured-liquid-eyeliner-pencil-duo-chaotic-calypso-jade-jinx/p/5880612
277,Nykaa Lash Talk False Eyelash,Skincare,149,Premium Skincare product: Nykaa Lash Talk False Eyelash,images/277.jpg,https://www.nykaa.com/nykaa-lash-talk/p/564441
278,Nykaa Lash Talk False Eyelash - Major Length,Skincare,149,Premium Skincare product: Nykaa Lash Talk False Eyelash - Major Length,images/278.jpg,https://www.nykaa.com/nykaa-lash-talk-major-length/p/564436
279,Nykaa Love Struck Skip A Beat Body Lotion + Perfume,Fragrance,779,Premium Fragrance product: Nykaa Love Struck Skip A Beat Body Lotion + Perfume,images/279.jpg,https://www.nykaa.com/nykaa-love-struck-skip-a-beat-body-lotion-perfume/p/3626216
280,Nykaa Love Struck Tender Touch Shower Gel + Body Lotion + Perfume,Fragrance,1118,Premium Fragrance product: Nykaa Love Struck Tender Touch Shower Gel + Body Lotion + Perfume,images/280.jpg,https://www.nykaa.com/nykaa-naturals-love-struck-tender-touch-shower-gel-body-lotion-perfume/p/4315900
281,Nykaa Matte To Last! Mini Liquid Lipstick - Maithili 25,Makeup,203,Premium Makeup product: Nykaa Matte To Last! Mini Liquid Lipstick - Maithili 25,images/281.jpg,https://www.nykaa.com/nykaa-matte-to-last-mini-liquid-lipstick-maithili/p/520376
282,Nykaa Matte to Last! Metallic Liquid Lipstick and Eyeshadow,Makeup,313,Premium Makeup product: Nykaa Matte to Last! Metallic Liquid Lipstick and Eyeshadow,images/282.jpg,https://www.nykaa.com/nykaa-matte-to-last-metallic-liquid-lipstick/p/569411
283,Nykaa Matte to Last! Mini Liquid Lipstick - Jhumki 14,Makeup,203,Premium Makeup product: Nykaa Matte to Last! Mini Liquid Lipstick - Jhumki 14,images/283.jpg,https://www.nykaa.com/nykaa-matte-to-last-mini-liquid-lipstick-jhumki-14/p/787778
284,Nykaa Matte to Last! Mini Metallic Liquid Lipstick and Eyeshadow,Makeup,125,Premium Makeup product: Nykaa Matte to Last! Mini Metallic Liquid Lipstick and Eyeshadow,images/284.jpg,https://www.nykaa.com/nykaa-matte-to-last-mini-metallic-liquid-lipstick-and-eyeshadow/p/950973
285,Nykaa Mermaid Squad Pouch,Skincare,450,Premium Skincare product: Nykaa Mermaid Squad Pouch,images/285.jpg,https://www.nykaa.com/nykaa-mermaid-squad-pouch/p/343888
286,Nykaa Metal Addict Makeup Bag - Blushing Gold,Makeup,300,Premium Makeup product: Nykaa Metal Addict Makeup Bag - Blushing Gold,images/286.jpg,https://www.nykaa.com/nykaa-metal-addict-makeup-bag-blushing-gold/p/286417
287,Nykaa Mini Skinshield Anti-pollution Matte Foundation,Makeup,169,Premium Makeup product: Nykaa Mini Skinshield Anti-pollution Matte Foundation,images/287.jpg,https://www.nykaa.com/nykaa-cosmetics-mini-skinshield-anti-pollution-matte-foundation/p/4432091
288,Nykaa Mirror Shine Trousseau Box,Skincare,1199,Premium Skincare product: Nykaa Mirror Shine Trousseau Box,images/288.jpg,https://www.nykaa.com/nykaa-mirror-shine-trousseau-box/p/982132
289,Nykaa Mirror Shine Trousseau Box - Rose Gold,Skincare,1599,Premium Skincare product: Nykaa Mirror Shine Trousseau Box - Rose Gold,images/289.jpg,https://www.nykaa.com/nykaa-mirror-shine-trousseau-box-rose-gold/p/646041
290,""Nykaa Moi Fragrance Mini Bar Combo- Amour, Bisous, Joie De Vivre, Raison D'Etre"",Fragrance,847,""Premium Fragrance product: Nykaa Moi Fragrance Mini Bar Combo- Amour, Bisous, Joie De Vivre, Raison D'Etre"",images/290.jpg,https://www.nykaa.com/nykaa-fragrance-mini-bar-combo/p/815797"
291,Nykaa Nail Enamel Combos- Barefoot Stroll + Purple Unicorn + Hasta La Pista Creme,Beauty Tools,483,Premium Beauty Tools product: Nykaa Nail Enamel Combos- Barefoot Stroll + Purple Unicorn + Hasta La Pista Creme,images/291.jpg,https://www.nykaa.com/nykaa-barefoot-stroll-purple-unicorn-hasta-la-pista-creme-nail-enamel-combos/p/3445855
292,Nykaa Naturals 2 in 1 Vibrating Face Roller With Under Eye Massager - Green Jade,Skincare,2309,Premium Skincare product: Nykaa Naturals 2 in 1 Vibrating Face Roller With Under Eye Massager - Green Jade,images/292.jpg,https://www.nykaa.com/nykaa-electric-rollers-green-jade/p/1285508
293,Nykaa Naturals 4 Shampoo Combo-Onion+Apple Cider Vinegar+Amla & Curry Leaves+Fermented Rice Water,Haircare,1037,Premium Haircare product: Nykaa Naturals 4 Shampoo Combo-Onion+Apple Cider Vinegar+Amla & Curry Leaves+Fermented Rice Water,images/293.jpg,https://www.nykaa.com/nykaa-naturals-anti-dandruff-hair-growth-anti-hair-fall-and-dry-damaged-hair-repair-shampoo-combo/p/2777822
294,Nykaa Naturals 5 Shampoo Combo-Onion +Apple Cider Vinegar +Amla +Fermented Rice Water+Reetha,Haircare,1297,Premium Haircare product: Nykaa Naturals 5 Shampoo Combo-Onion +Apple Cider Vinegar +Amla +Fermented Rice Water+Reetha,images/294.jpg,https://www.nykaa.com/nykaa-naturals-shampoo-combo-5-solutions-to-5-concerns/p/3494214
295,Nykaa Naturals Anti-Pigmentation & De-tanning Face Wash Combo - Papaya +Sandalwood & Orange Peel,Beauty Tools,195,Premium Beauty Tools product: Nykaa Naturals Anti-Pigmentation & De-tanning Face Wash Combo - Papaya +Sandalwood & Orange Peel,images/295.jpg,https://www.nykaa.com/nykaa-naturals-anti-pigmentation-de-tanning-face-wash-combo/p/2722174
296,Nykaa Naturals Anti-pigmentation & Purifying Skin Face Wash Combo,Beauty Tools,209,Premium Beauty Tools product: Nykaa Naturals Anti-pigmentation & Purifying Skin Face Wash Combo,images/296.jpg,https://www.nykaa.com/nykaa-naturals-anti-pigmentation-purifying-skin-face-wash-combo/p/2722162
297,Nykaa Naturals Anti-pigmentation & Radiant Skin Face Wash Combo,Beauty Tools,195,Premium Beauty Tools product: Nykaa Naturals Anti-pigmentation & Radiant Skin Face Wash Combo,images/297.jpg,https://www.nykaa.com/nykaa-naturals-anti-pigmentation-radiant-skin-face-wash-combo/p/2722163
298,Nykaa Naturals Anti-pigmentation Face Wash + Nykaa Tea Tree & Salicylic Acid Spot Patch,Skincare,167,Premium Skincare product: Nykaa Naturals Anti-pigmentation Face Wash + Nykaa Tea Tree & Salicylic Acid Spot Patch,images/298.jpg,https://www.nykaa.com/nykaa-naturals-anti-pigmentation-face-wash-nykaa-tea-tree-salicylic-acid-spot-patch/p/2722144
299,Nykaa Naturals Apple Cider Vinegar & Ginger Anti- Dandruff Shampoo and Hair Wrap Combo,Haircare,674,Premium Haircare product: Nykaa Naturals Apple Cider Vinegar & Ginger Anti- Dandruff Shampoo and Hair Wrap Combo,images/299.jpg,https://www.nykaa.com/nykaa-naturals-apple-cider-vinegar-ginger-anti-dandruff-shampoo-and-towel/p/1502902
300,""Nykaa Naturals Apple Cider Vinegar & Ginger Anti-Dandruff Oil, Shampoo, Mask & Wrap Combo"",Haircare,1362,""Premium Haircare product: Nykaa Naturals Apple Cider Vinegar & Ginger Anti-Dandruff Oil, Shampoo, Mask & Wrap Combo"",images/300.jpg,https://www.nykaa.com/nykaa-naturals-apple-cider-vinegar-ginger-anti-dandruff-hair-oil-shampoo-hair-mask-hair-wrap-combo/p/3955548"
301,Nykaa Naturals Apple Cider Vinegar & Ginger Anti-dandruff Hair Oil + Shampoo + Massager Combo,Haircare,1048,Premium Haircare product: Nykaa Naturals Apple Cider Vinegar & Ginger Anti-dandruff Hair Oil + Shampoo + Massager Combo,images/301.jpg,https://www.nykaa.com/nykaa-naturals-apple-cider-vinegar-ginger-anti-dandruff-hair-oil-shampoo-massager-combo/p/5202105
302,Nykaa Naturals Apple Cider Vinegar & Ginger Anti-dandruff Hair Oil And Shampoo Combo,Haircare,749,Premium Haircare product: Nykaa Naturals Apple Cider Vinegar & Ginger Anti-dandruff Hair Oil And Shampoo Combo,images/302.jpg,https://www.nykaa.com/nykaa-naturals-apple-cider-vinegar-ginger-anti-dandruff-hair-oil-and-shampoo-combo/p/3955542
303,""Nykaa Naturals Apple Cider Vinegar & Ginger Anti-dandruff Hair Oil, Shampoo And Hair Mask Combo"",Haircare,1118,""Premium Haircare product: Nykaa Naturals Apple Cider Vinegar & Ginger Anti-dandruff Hair Oil, Shampoo And Hair Mask Combo"",images/303.jpg,https://www.nykaa.com/nykaa-naturals-apple-cider-vinegar-ginger-anti-dandruff-hair-oil-shampoo-and-hair-mask-combo/p/3955545"
304,""Nykaa Naturals Apple Cider Vinegar & Ginger Anti-dandruff Hair Oil, Shampoo And Hair Wrap Combo"",Haircare,1048,""Premium Haircare product: Nykaa Naturals Apple Cider Vinegar & Ginger Anti-dandruff Hair Oil, Shampoo And Hair Wrap Combo"",images/304.jpg,https://www.nykaa.com/nykaa-naturals-apple-cider-vinegar-ginger-anti-dandruff-hair-oil-shampoo-and-hair-wrap-combo/p/3955546"
305,""Nykaa Naturals Apple Cider Vinegar & Ginger Anti-dandruff Oil, Shampoo, Conditioner & Wrap Combo"",Haircare,1232,""Premium Haircare product: Nykaa Naturals Apple Cider Vinegar & Ginger Anti-dandruff Oil, Shampoo, Conditioner & Wrap Combo"",images/305.jpg,https://www.nykaa.com/nykaa-naturals-apple-cider-vinegar-ginger-anti-dandruff-hair-oil-shampoo-conditioner-hair-wrap-combo/p/3955547"
306,""Nykaa Naturals Apple Cider Vinegar & Ginger Hair Oil, Shampoo And Conditioner - Anti Dandruff Combo"",Haircare,978,""Premium Haircare product: Nykaa Naturals Apple Cider Vinegar & Ginger Hair Oil, Shampoo And Conditioner - Anti Dandruff Combo"",images/306.jpg,https://www.nykaa.com/nykaa-naturals-apple-cider-vinegar-ginger-anti-dandruff-hair-oil-shampoo-and-conditioner-combo/p/3955543"
307,Nykaa Naturals Apple Cider Vinegar & Ginger Shampoo & Conditioner- Anti-Dandruff Combo,Haircare,599,Premium Haircare product: Nykaa Naturals Apple Cider Vinegar & Ginger Shampoo & Conditioner- Anti-Dandruff Combo,images/307.jpg,https://www.nykaa.com/nykaa-naturals-anti-dandruff-combo/p/1171833
308,Nykaa Naturals Apple Cider Vinegar & Ginger Shampoo & Hair Mask,Haircare,749,Premium Haircare product: Nykaa Naturals Apple Cider Vinegar & Ginger Shampoo & Hair Mask,images/308.jpg,https://www.nykaa.com/nykaa-naturals-apple-cider-vinegar-ginger-shampoo-hair-mask/p/1366625
309,Nykaa Naturals Apple Cider Vinegar & Ginger Shampoo - Pack of 2,Haircare,599,Premium Haircare product: Nykaa Naturals Apple Cider Vinegar & Ginger Shampoo - Pack of 2,images/309.jpg,https://www.nykaa.com/nykaa-naturals-apple-cider-vinegar-ginger-shampoo-pack-of-2/p/1171873
310,Nykaa Naturals Apple Cider Vinegar & Ginger Shampoo - Pack of 3,Haircare,838,Premium Haircare product: Nykaa Naturals Apple Cider Vinegar & Ginger Shampoo - Pack of 3,images/310.jpg,https://www.nykaa.com/nykaa-naturals-apple-cider-vinegar-ginger-shampoo-pack-of-3/p/1217419
311,""Nykaa Naturals Apple Cider Vinegar & Ginger Shampoo, Conditioner & Hair Wrap - Anti Dandruff Combo"",Haircare,908,""Premium Haircare product: Nykaa Naturals Apple Cider Vinegar & Ginger Shampoo, Conditioner & Hair Wrap - Anti Dandruff Combo"",images/311.jpg,https://www.nykaa.com/nykaa-naturals-apple-cider-vinegar-ginger-anti-dandruff-shampoo-conditioner-and-towel/p/1502904"
312,Nykaa Naturals Calming & De-tanning Face Wash Combo,Beauty Tools,195,Premium Beauty Tools product: Nykaa Naturals Calming & De-tanning Face Wash Combo,images/312.jpg,https://www.nykaa.com/nykaa-naturals-calming-de-tanning-face-wash-combo/p/2722169
313,Nykaa Naturals Calming Face Wash + Face Scrub + Clay It Cool Oil Control Clay Mask,Skincare,691,Premium Skincare product: Nykaa Naturals Calming Face Wash + Face Scrub + Clay It Cool Oil Control Clay Mask,images/313.jpg,https://www.nykaa.com/nykaa-naturals-calming-face-wash-face-scrub-clay-it-cool-oil-control-clay-mask/p/2809976
314,Nykaa Naturals Calming Face Wash + Nykaa Clay It Cool Oil Control Clay Mask,Skincare,517,Premium Skincare product: Nykaa Naturals Calming Face Wash + Nykaa Clay It Cool Oil Control Clay Mask,images/314.jpg,https://www.nykaa.com/nykaa-naturals-calming-face-wash-nykaa-clay-it-cool-oil-control-clay-mask/p/2722154
315,Nykaa Naturals Calming Face Wash + Nykaa Tea Tree & Salicylic Acid Spot Patch,Skincare,203,Premium Skincare product: Nykaa Naturals Calming Face Wash + Nykaa Tea Tree & Salicylic Acid Spot Patch,images/315.jpg,https://www.nykaa.com/nykaa-naturals-calming-face-wash-nykaa-tea-tree-salicylic-acid-spot-patch/p/2722155
316,Nykaa Naturals Calming Face Wash + Tea Tree & Salicylic Acid Spot Patch + Witch Hazel & AHA Sleeping Mask,Skincare,311,Premium Skincare product: Nykaa Naturals Calming Face Wash + Tea Tree & Salicylic Acid Spot Patch + Witch Hazel & AHA Sleeping Mask,images/316.jpg,https://www.nykaa.com/nykaa-naturals-calming-face-wash-tea-tree-salicylic-acid-spot-patch-witch-hazel-aha-sleeping-mask/p/4039424
317,Nykaa Naturals Charcoal & Bamboo Deep Detox And Cleanse Shampoo - Pack Of 2,Haircare,599,Premium Haircare product: Nykaa Naturals Charcoal & Bamboo Deep Detox And Cleanse Shampoo - Pack Of 2,images/317.jpg,https://www.nykaa.com/nykaa-naturals-charcoal-bamboo-deep-detox-and-cleanse-shampoo-pack-of-2/p/2697394
318,Nykaa Naturals Charcoal & Bamboo Shampoo And Hair Wrap Combo,Haircare,723,Premium Haircare product: Nykaa Naturals Charcoal & Bamboo Shampoo And Hair Wrap Combo,images/318.jpg,https://www.nykaa.com/nykaa-naturals-charcoal-bamboo-shampoo-and-hair-wrap-combo/p/4148779
319,Nykaa Naturals Clay It Cool Daily Detox Clay Mask + Perfect Glow Clay Mask for Supple Skin,Skincare,899,Premium Skincare product: Nykaa Naturals Clay It Cool Daily Detox Clay Mask + Perfect Glow Clay Mask for Supple Skin,images/319.jpg,https://www.nykaa.com/nykaa-naturals-clay-it-cool-daily-detox-clay-mask-perfect-glow-clay-mask/p/4060539
320,Nykaa Naturals CleanTouch 2 in 1 Face Brush & Massager for Deep Cleansing & Exfoliation,Beauty Tools,1799,Premium Beauty Tools product: Nykaa Naturals CleanTouch 2 in 1 Face Brush & Massager for Deep Cleansing & Exfoliation,images/320.jpg,https://www.nykaa.com/nykaa-cleantouch-facial-cleansing-brush/p/1474701
321,Nykaa Naturals CleanTouch 2 in 1 Face Brush & Massager for Deep Cleansing & Exfoliation - Pink,Beauty Tools,2249,Premium Beauty Tools product: Nykaa Naturals CleanTouch 2 in 1 Face Brush & Massager for Deep Cleansing & Exfoliation - Pink,images/321.jpg,https://www.nykaa.com/nykaa-face-cleansing-brush-pink/p/1473197
322,Nykaa Naturals De-tanning Face Wash + Face Scrub + Clay It Cool Daily Detox Clay Mask,Skincare,691,Premium Skincare product: Nykaa Naturals De-tanning Face Wash + Face Scrub + Clay It Cool Daily Detox Clay Mask,images/322.jpg,https://www.nykaa.com/nykaa-naturals-de-tanning-face-wash-face-scrub-clay-it-cool-daily-detox-clay-mask/p/2809991
323,Nykaa Naturals Glow Boosting Skin Potion + Anti- Ageing Skin Potion Face Oil,Skincare,1049,Premium Skincare product: Nykaa Naturals Glow Boosting Skin Potion + Anti- Ageing Skin Potion Face Oil,images/323.jpg,https://www.nykaa.com/nykaa-naturals-glow-boosting-skin-potion-anti-ageing-skin-potion-face-oil/p/4060531
324,Nykaa Naturals Hydrating Face Wash + Nykaa Tea Tree & Salicylic Acid Spot Patch,Skincare,203,Premium Skincare product: Nykaa Naturals Hydrating Face Wash + Nykaa Tea Tree & Salicylic Acid Spot Patch,images/324.jpg,https://www.nykaa.com/nykaa-naturals-hydrating-face-wash-nykaa-tea-tree-salicylic-acid-spot-patch/p/2722137
325,Nykaa Naturals Ice Roller for De-puffing and Face Toning Massage - Blue,Skincare,1124,Premium Skincare product: Nykaa Naturals Ice Roller for De-puffing and Face Toning Massage - Blue,images/325.jpg,https://www.nykaa.com/nykaa-naturals-ice-roller-for-de-puffing-and-face-toning-massage-blue/p/1485845
326,Nykaa Naturals Ice Roller for De-puffing and Face Toning Massage - Lavender,Skincare,1124,Premium Skincare product: Nykaa Naturals Ice Roller for De-puffing and Face Toning Massage - Lavender,images/326.jpg,https://www.nykaa.com/nykaa-naturals-ice-roller-for-de-puffing-and-face-toning-massage-lavender/p/1485844
327,Nykaa Naturals Ice Roller for De-puffing and Face Toning Massage - Pink,Skincare,1124,Premium Skincare product: Nykaa Naturals Ice Roller for De-puffing and Face Toning Massage - Pink,images/327.jpg,https://www.nykaa.com/nykaa-naturals-ice-roller-for-de-puffing-and-face-toning-massage-pink/p/1485843
328,Nykaa Naturals Jade Comb For Hair Growth And Scalp Health - Green Jade,Haircare,1889,Premium Haircare product: Nykaa Naturals Jade Comb For Hair Growth And Scalp Health - Green Jade,images/328.jpg,https://www.nykaa.com/nykaa-naturals-jade-comb-with-free-cold-pressed-oil-for-hair-growth-and-scalp-health-green-jade/p/1485846
329,Nykaa Naturals Mini Shampoo,Haircare,99,Premium Haircare product: Nykaa Naturals Mini Shampoo,images/329.jpg,https://www.nykaa.com/nykaa-naturals-mini-shampoo/p/4283093
330,Nykaa Naturals Onion & Fenugreek + Apple Cider & Vinegar + Amla & Curry Leaves Shampoo - Pack of 3,Haircare,838,Premium Haircare product: Nykaa Naturals Onion & Fenugreek + Apple Cider & Vinegar + Amla & Curry Leaves Shampoo - Pack of 3,images/330.jpg,https://www.nykaa.com/nykaa-naturals-amla-curry-leaves-anti-hair-onion-fenugreek-apple-cider-vinegar-shampoo/p/1498580
331,Nykaa Naturals Radiance Face Wash + Nykaa Clay It Cool Perfect Glow Clay Mask,Skincare,517,Premium Skincare product: Nykaa Naturals Radiance Face Wash + Nykaa Clay It Cool Perfect Glow Clay Mask,images/331.jpg,https://www.nykaa.com/nykaa-naturals-radiance-face-wash-nykaa-clay-it-cool-perfect-glow-clay-mask/p/2722148
332,Nykaa Naturals Radiance Face Wash + Nykaa Tea Tree & Salicylic Acid Spot Patch,Skincare,203,Premium Skincare product: Nykaa Naturals Radiance Face Wash + Nykaa Tea Tree & Salicylic Acid Spot Patch,images/332.jpg,https://www.nykaa.com/nykaa-naturals-radiance-face-wash-nykaa-tea-tree-salicylic-acid-spot-patch/p/2722149
333,Nykaa Naturals Reetha & Shikakai Shampoo For Dull & Brittle Hair - Pack Of 2,Haircare,599,Premium Haircare product: Nykaa Naturals Reetha & Shikakai Shampoo For Dull & Brittle Hair - Pack Of 2,images/333.jpg,https://www.nykaa.com/nykaa-naturals-reetha-shikakai-shampoo-for-dull-brittle-hair-pack-of-2/p/3494211
334,Nykaa Oh My Brow! Eyebrow Mascara - Sirius Brown,Makeup,449,Premium Makeup product: Nykaa Oh My Brow! Eyebrow Mascara - Sirius Brown,images/334.jpg,https://www.nykaa.com/nykaa-oh-my-brow-eyebrow-mascara-sirius-brown/p/448344
335,Nykaa Paintstix! Waterproof Matte Lipstick - Flower Power,Makeup,424,Premium Makeup product: Nykaa Paintstix! Waterproof Matte Lipstick - Flower Power,images/335.jpg,https://www.nykaa.com/nykaa-cosmetics-nykaa-painstix-color-care-flower-power/p/1124796
336,Nykaa Paintstix! Waterproof Matte Lipstick - Polka Dots,Makeup,374,Premium Makeup product: Nykaa Paintstix! Waterproof Matte Lipstick - Polka Dots,images/336.jpg,https://www.nykaa.com/nykaa-cosmetics-nykaa-painstix-color-care-polka-dots/p/1124808
337,Nykaa Party Edit Clutch,Skincare,749,Premium Skincare product: Nykaa Party Edit Clutch,images/337.jpg,https://www.nykaa.com/nykaa-party-edit-clutch/p/248367
338,Nykaa Prep Me Up Primer + All Day Matte Foundation Perfect Your Base Combo,Makeup,1078,Premium Makeup product: Nykaa Prep Me Up Primer + All Day Matte Foundation Perfect Your Base Combo,images/338.jpg,https://www.nykaa.com/nykaa-cosmetics-prep-me-up-primer-all-day-matte-foundation-perfect-your-base-combo/p/4996634
339,Nykaa Prove Your Point Cosmetic Sharpener! - 6112,Skincare,149,Premium Skincare product: Nykaa Prove Your Point Cosmetic Sharpener! - 6112,images/339.jpg,https://www.nykaa.com/nykaa-prove-your-point-cosmetic-sharpener-6112/p/127349
340,Nykaa SKINgenius BB Cream SPF30,Skincare,262,Premium Skincare product: Nykaa SKINgenius BB Cream SPF30,images/340.jpg,https://www.nykaa.com/nykaa-skingenius-bb-cream-spf30/p/347365
341,Nykaa SKINgenius BB Cream SPF30 - Soft Beige 02,Skincare,297,Premium Skincare product: Nykaa SKINgenius BB Cream SPF30 - Soft Beige 02,images/341.jpg,https://www.nykaa.com/nykaa-skingenius-bb-cream-spf30-soft-beige-02/p/347361
342,Nykaa SKINgenius Foundation Stick Conceal Contour & Corrector - Golden Hazelnut 06,Makeup,394,Premium Makeup product: Nykaa SKINgenius Foundation Stick Conceal Contour & Corrector - Golden Hazelnut 06,images/342.jpg,https://www.nykaa.com/nykaa-skingenius-foundation-stick-golden-hazelnut-06/p/209281
343,Nykaa SKINgenius Foundation Stick Conceal Contour & Corrector - Toffee Chisel 07,Makeup,446,Premium Makeup product: Nykaa SKINgenius Foundation Stick Conceal Contour & Corrector - Toffee Chisel 07,images/343.jpg,https://www.nykaa.com/nykaa-skingenius-foundation-stick-toffee-chisel-07/p/209282
344,Nykaa SKINgenius Skin Perfecting & Hydrating Matte Powder Compact,Skincare,368,Premium Skincare product: Nykaa SKINgenius Skin Perfecting & Hydrating Matte Powder Compact,images/344.jpg,https://www.nykaa.com/nykaa-skingenius-skin-perfecting-hydrating-matte-powder-compact/p/139814
345,Nykaa SKINgenius Skin Perfecting & Hydrating Matte Powder Compact - Rose Beige 02,Skincare,446,Premium Skincare product: Nykaa SKINgenius Skin Perfecting & Hydrating Matte Powder Compact - Rose Beige 02,images/345.jpg,https://www.nykaa.com/nykaa-skingenius-skin-perfecting-hydrating-matte-powder-compact-rose-beige-02/p/139821
346,Nykaa Serial Kisser Lip Balm - Grape,Makeup,119,Premium Makeup product: Nykaa Serial Kisser Lip Balm - Grape,images/346.jpg,https://www.nykaa.com/nykaa-serial-kisser-lip-balm-grape/p/422911
347,Nykaa Serial Kisser Lip Balm - Pinacolada,Makeup,127,Premium Makeup product: Nykaa Serial Kisser Lip Balm - Pinacolada,images/347.jpg,https://www.nykaa.com/nykaa-serial-kisser-lip-balm-pinacolada/p/422909
348,Nykaa Serial Kisser Lip Balm - Pomegranate,Makeup,112,Premium Makeup product: Nykaa Serial Kisser Lip Balm - Pomegranate,images/348.jpg,https://www.nykaa.com/nykaa-serial-kisser-lip-balm-pomegranate/p/422906
349,Nykaa Serial Kisser Lip Balm - Raspberry,Makeup,112,Premium Makeup product: Nykaa Serial Kisser Lip Balm - Raspberry,images/349.jpg,https://www.nykaa.com/nykaa-serial-kisser-lip-balm-raspberry/p/422905
350,Nykaa Serial Kisser Lip Balm Combo - Strawberry & Raspberry,Makeup,209,Premium Makeup product: Nykaa Serial Kisser Lip Balm Combo - Strawberry & Raspberry,images/350.jpg,https://www.nykaa.com/nykaa-serial-kisser-strawberry-raspberry-lip-balm-combo/p/1181100
351,Nykaa Skin Secrets Tea Tree & Salicylic Acid Spot Patch,Skincare,90,Premium Skincare product: Nykaa Skin Secrets Tea Tree & Salicylic Acid Spot Patch,images/351.jpg,https://www.nykaa.com/nykaa-skin-secrets-spot-on-tea-tree-salicylic-acid-pimple-patch-old/p/785729
352,Nykaa So Matte! Mini Lipstick - 01 Notorious Red,Makeup,159,Premium Makeup product: Nykaa So Matte! Mini Lipstick - 01 Notorious Red,images/352.jpg,https://www.nykaa.com/nykaa-so-matte-mini-lipstick-01-notorious-red/p/461916
353,Nykaa So Matte! Mini Lipstick - 03 Devious Pink,Makeup,159,Premium Makeup product: Nykaa So Matte! Mini Lipstick - 03 Devious Pink,images/353.jpg,https://www.nykaa.com/nykaa-so-matte-mini-lipstick-03-devious-pink/p/374238
354,Nykaa So Matte! Mini Lipstick - 17 M Cranberry Sangria,Makeup,159,Premium Makeup product: Nykaa So Matte! Mini Lipstick - 17 M Cranberry Sangria,images/354.jpg,https://www.nykaa.com/nykaa-so-matte-mini-lipstick-17-m-cranberry-sangria/p/374235
355,Nykaa So Matte! Mini Lipstick - 17 M Cranberry Sangria,Makeup,199,Premium Makeup product: Nykaa So Matte! Mini Lipstick - 17 M Cranberry Sangria,images/355.jpg,https://www.nykaa.com/nykaa-so-matte-mini-lipstick-17-m-cranberry-sangria/p/374235
356,Nykaa So Matte! Mini Lipstick - 26 M Bon Bon,Makeup,179,Premium Makeup product: Nykaa So Matte! Mini Lipstick - 26 M Bon Bon,images/356.jpg,https://www.nykaa.com/nykaa-so-matte-mini-lipstick-26-m-bon-bon/p/461912
357,Nykaa So Matte! Mini Lipstick - 30 M Regal Ruby,Makeup,159,Premium Makeup product: Nykaa So Matte! Mini Lipstick - 30 M Regal Ruby,images/357.jpg,https://www.nykaa.com/nykaa-so-matte-mini-lipstick-30-m-regal-ruby/p/374233
358,Nykaa So Matte! Mini Lipstick - 37 M Beachy Peachy,Makeup,159,Premium Makeup product: Nykaa So Matte! Mini Lipstick - 37 M Beachy Peachy,images/358.jpg,https://www.nykaa.com/nykaa-so-matte-mini-lipstick-37-m-beachy-peachy/p/461917
359,Nykaa So Matte! Mini Lipstick - 45 M Dirty Peach,Makeup,169,Premium Makeup product: Nykaa So Matte! Mini Lipstick - 45 M Dirty Peach,images/359.jpg,https://www.nykaa.com/nykaa-so-matte-mini-lipstick-45-m-dirty-peach/p/461910
360,Nykaa Strobe & Glow Liquid Highlighter,Makeup,559,Premium Makeup product: Nykaa Strobe & Glow Liquid Highlighter,images/360.jpg,https://www.nykaa.com/nykaa-strobe-glow-liquid-highlighter/p/551016
361,Nykaa Strobe & Glow Liquid Highlighter - Blushed Moonlight,Makeup,699,Premium Makeup product: Nykaa Strobe & Glow Liquid Highlighter - Blushed Moonlight,images/361.jpg,https://www.nykaa.com/nykaa-strobe-glow-liquid-highlighter-blushed-moonlight/p/551015
362,Nykaa Strobe & Glow Liquid Highlighter - Glazed Bronze,Makeup,594,Premium Makeup product: Nykaa Strobe & Glow Liquid Highlighter - Glazed Bronze,images/362.jpg,https://www.nykaa.com/nykaa-strobe-glow-liquid-highlighter-glazed-bronze/p/551014
363,Nykaa Sun Gaze Holographic Vanity Kit 2,Skincare,638,Premium Skincare product: Nykaa Sun Gaze Holographic Vanity Kit 2,images/363.jpg,https://www.nykaa.com/nykaa-sun-gaze-holographic-vanity-kit-2/p/792460
364,Nykaa Tea Tree & Salicylic Acid Spot Patch + Nykaa Retinol & Hyaluronic Acid Sleeping Mask,Skincare,206,Premium Skincare product: Nykaa Tea Tree & Salicylic Acid Spot Patch + Nykaa Retinol & Hyaluronic Acid Sleeping Mask,images/364.jpg,https://www.nykaa.com/nykaa-tea-tree-salicylic-acid-spot-patch-nykaa-retinol-hyaluronic-acid-sleeping-mask/p/2645335
365,Nykaa Tea Tree & Salicylic Acid Spot Patch + Nykaa Rice Water & Vitamin C Sleeping Mask,Skincare,206,Premium Skincare product: Nykaa Tea Tree & Salicylic Acid Spot Patch + Nykaa Rice Water & Vitamin C Sleeping Mask,images/365.jpg,https://www.nykaa.com/nykaa-tea-tree-salicylic-acid-spot-patch-nykaa-rice-water-vitamin-c-sleeping-mask/p/2645336
366,Nykaa Tea Tree & Salicylic Acid Spot Patch + Nykaa Saffron & Honey Face Wash,Skincare,203,Premium Skincare product: Nykaa Tea Tree & Salicylic Acid Spot Patch + Nykaa Saffron & Honey Face Wash,images/366.jpg,https://www.nykaa.com/nykaa-tea-tree-salicylic-acid-spot-patch-nykaa-saffron-honey-face-wash/p/2645331
367,Nykaa Tea Tree & Salicylic Acid Spot Patch + Nykaa Sandalwood & Orange Peel Face Wash,Skincare,179,Premium Skincare product: Nykaa Tea Tree & Salicylic Acid Spot Patch + Nykaa Sandalwood & Orange Peel Face Wash,images/367.jpg,https://www.nykaa.com/nykaa-tea-tree-salicylic-acid-spot-patch-nykaa-sandalwood-orange-peel-face-wash/p/2645330
368,Nykaa Tea Tree & Salicylic Acid Spot Patch + Nykaa Tea Tree & Aloe Vera Sleeping Mask,Skincare,206,Premium Skincare product: Nykaa Tea Tree & Salicylic Acid Spot Patch + Nykaa Tea Tree & Aloe Vera Sleeping Mask,images/368.jpg,https://www.nykaa.com/nykaa-tea-tree-salicylic-acid-spot-patch-nykaa-tea-tree-aloe-vera-sleeping-mask/p/2645334
369,Nykaa Tea Tree & Salicylic Acid Spot Patch + Nykaa Tea Tree & Neem Face Wash,Skincare,179,Premium Skincare product: Nykaa Tea Tree & Salicylic Acid Spot Patch + Nykaa Tea Tree & Neem Face Wash,images/369.jpg,https://www.nykaa.com/nykaa-tea-tree-salicylic-acid-spot-patch-nykaa-tea-tree-neem-face-wash/p/2645329
370,Nykaa Tea Tree & Salicylic Acid Spot Patch for Pimple Care - Pack Of 10,Skincare,850,Premium Skincare product: Nykaa Tea Tree & Salicylic Acid Spot Patch for Pimple Care - Pack Of 10,images/370.jpg,https://www.nykaa.com/nykaa-tea-tree-salicylic-acid-spot-patch-pack-of-10/p/2645340
371,Nykaa Tea Tree & Salicylic Acid Spot Patch for Pimple Care - Pack Of 2,Skincare,170,Premium Skincare product: Nykaa Tea Tree & Salicylic Acid Spot Patch for Pimple Care - Pack Of 2,images/371.jpg,https://www.nykaa.com/nykaa-tea-tree-salicylic-acid-spot-patch-pack-of-2/p/2645328
372,Nykaa Tea Tree & Salicylic Acid Spot Patch for Pimple Care - Pack Of 5,Skincare,425,Premium Skincare product: Nykaa Tea Tree & Salicylic Acid Spot Patch for Pimple Care - Pack Of 5,images/372.jpg,https://www.nykaa.com/nykaa-tea-tree-salicylic-acid-spot-patch-pack-of-5/p/2645339
373,Nykaa Ultra Matte Mini- Cher 14,Skincare,239,Premium Skincare product: Nykaa Ultra Matte Mini- Cher 14,images/373.jpg,https://www.nykaa.com/nykaa-ultra-matte-mini-cher/p/3446266
374,Nykaa Ultra Matte Mini- Marilyn - 10,Skincare,239,Premium Skincare product: Nykaa Ultra Matte Mini- Marilyn - 10,images/374.jpg,https://www.nykaa.com/nykaa-ultra-matte-mini-marilyn/p/3446267
375,Nykaa Vitamin C PM Regime with Skin Secret Rice Water & Vitamin C Sleeping Mask + Facial Ice Globes,Skincare,2905,Premium Skincare product: Nykaa Vitamin C PM Regime with Skin Secret Rice Water & Vitamin C Sleeping Mask + Facial Ice Globes,images/375.jpg,https://www.nykaa.com/nykaa-vitamin-c-pm-regime-with-skin-secret-rice-water-vitamin-c-sleeping-mask-facial-ice-globes/p/3433811
376,Nykaa Wedding Jasmine Gift Box,Skincare,250,Premium Skincare product: Nykaa Wedding Jasmine Gift Box,images/376.jpg,https://www.nykaa.com/nykaa-jasmine-gift-box/p/376841
377,Nykaa Wedding Lotus Gift Box,Skincare,250,Premium Skincare product: Nykaa Wedding Lotus Gift Box,images/377.jpg,https://www.nykaa.com/nykaa-lotus-gift-box/p/376843
378,Nykaa Wedding Moringa Gift Box,Skincare,250,Premium Skincare product: Nykaa Wedding Moringa Gift Box,images/378.jpg,https://www.nykaa.com/nykaa-moringa-gift-box/p/376842
379,Nykaa Wing In A Blink Eyeliner Pen - Dark Knight 01,Makeup,439,Premium Makeup product: Nykaa Wing In A Blink Eyeliner Pen - Dark Knight 01,images/379.jpg,https://www.nykaa.com/nykaa-wing-in-a-blink-eyeliner-pen-dark-knight-01/p/626493
380,Nykaa Woman Washable and Reusable Face Mask - Tropical,Skincare,299,Premium Skincare product: Nykaa Woman Washable and Reusable Face Mask - Tropical,images/380.jpg,https://www.nykaa.com/nykaa-washable-and-reusable-4-filter-mask/p/784419
381,""Olay Aha & Niacinamide Super Cream , Acne Mark & Spot Removal Cream - For All Skin Types"",Skincare,1399,""Premium Skincare product: Olay Aha & Niacinamide Super Cream , Acne Mark & Spot Removal Cream - For All Skin Types"",images/381.jpg,https://www.nykaa.com/olay-aha-niacinamide-super-cream/p/6836720"
382,Olay Eye Cream - With Niacinamide & Pentapeptides,Skincare,1444,Premium Skincare product: Olay Eye Cream - With Niacinamide & Pentapeptides,images/382.jpg,https://www.nykaa.com/olay-ultimate-eye-cream-dark-circles-wrinkles-puffiness/p/465454
383,Olay Regenerist Whip Mini and Ultimate Eye Cream Combo,Beauty Tools,1943,Premium Beauty Tools product: Olay Regenerist Whip Mini and Ultimate Eye Cream Combo,images/383.jpg,https://www.nykaa.com/olay-regenerist-whip-mini-and-ultimate-eye-cream-combo/p/739418
384,Olay Total Effects 7 In One Anti-Ageing Day Cream Normal SPF 15,Skincare,375,Premium Skincare product: Olay Total Effects 7 In One Anti-Ageing Day Cream Normal SPF 15,images/384.jpg,https://www.nykaa.com/olay-total-effects-7-in-one-anti-ageing-cream-normal-day-spf-15/p/60541
385,Olay Total Effects 7 In One Day Cream Normal SPF 15 (Trial Size) 8gm,Skincare,160,Premium Skincare product: Olay Total Effects 7 In One Day Cream Normal SPF 15 (Trial Size) 8gm,images/385.jpg,https://www.nykaa.com/olay-total-effects-7-in-one-day-cream-normal-spf-15-trial-size/p/23694
386,Olay Total Effects Day Cream For Sensitive Skin - Niacinamide,Skincare,764,Premium Skincare product: Olay Total Effects Day Cream For Sensitive Skin - Niacinamide,images/386.jpg,https://www.nykaa.com/olay-total-effects-7-in-one-touch-of-foundation-bb-creme-spf-15-50gm-new/p/262993
387,Olay Ultimate Skin Regimen Kit,Skincare,2947,Premium Skincare product: Olay Ultimate Skin Regimen Kit,images/387.jpg,https://www.nykaa.com/olay-ultimate-eye-cream-with-total-effect-uv-day-50g-total-effect-night-cream-20g/p/575926
388,Olay Ultra Lightweight Moisturiser: Luminous Whip Day Cream (non SPF),Skincare,1599,Premium Skincare product: Olay Ultra Lightweight Moisturiser: Luminous Whip Day Cream (non SPF),images/388.jpg,https://www.nykaa.com/olay-ultra-lightweight-moisturiser-luminous-whip-day-cream-non-spf/p/781070
389,Olay White Radiance Day & Night Cream for Brightening and Glow,Skincare,2378,Premium Skincare product: Olay White Radiance Day & Night Cream for Brightening and Glow,images/389.jpg,https://www.nykaa.com/olay-white-radiance-day-and-night-brigthening-intensive-regime/p/61305
390,Retinol & Hyaluronic Acid Sleeping Mask for Intense Hydration - Pack of 2,Skincare,245,Premium Skincare product: Retinol & Hyaluronic Acid Sleeping Mask for Intense Hydration - Pack of 2,images/390.jpg,https://www.nykaa.com/retinol-hyaluronic-acid-sleeping-mask-pack-of-2/p/1356977
391,The Ultimate Nude Duo - Kay Beauty Long Stay Matte Lipstick - Debut & Nail Enamel - Nutty 21,Makeup,1102,Premium Makeup product: The Ultimate Nude Duo - Kay Beauty Long Stay Matte Lipstick - Debut & Nail Enamel - Nutty 21,images/391.jpg,https://www.nykaa.com/the-ultimate-nude-duo-kay-beauty-long-stay-matte-lipstick-debut-nail-enamel-nutty-21/p/2783917