product_id,product_name,category,price,image_path
101,CeraVe Glow Face Wash,Skincare,88.2,images/101.jpg
102,L'Oréal Repairing Highlighter,Makeup,93.75,images/102.jpg
103,Maybelline Volumizing Eau De Parfum,Fragrance,18.31,images/103.jpg
104,Laneige Radiant Face Wash,Skincare,9.65,images/104.jpg
105,Estee Lauder Gentle Night Cream,Skincare,33.56,images/105.jpg
106,Laneige Gentle Beauty Blender,Beauty Tools,32.32,images/106.jpg
107,Neutrogena Matte Toner,Skincare,65.25,images/107.jpg
108,The Ordinary Repairing Cleanser,Skincare,49.43,images/108.jpg
109,MAC Repairing Serum,Skincare,16.27,images/109.jpg
110,CeraVe Repairing Eau De Parfum,Fragrance,74.55,images/110.jpg
111,The Ordinary Silky Hair Mask,Haircare,80.44,images/111.jpg
112,Maybelline Gentle Body Mist,Fragrance,22.59,images/112.jpg
113,Estee Lauder Volumizing Conditioner,Haircare,24.67,images/113.jpg
114,CeraVe Silky Shampoo,Haircare,113.97,images/114.jpg
115,Fenty Beauty Glow Body Mist,Fragrance,33.71,images/115.jpg
116,Estee Lauder Volumizing Hair Mask,Haircare,110.67,images/116.jpg
117,Innisfree Matte Body Mist,Fragrance,27.18,images/117.jpg
118,Estee Lauder Volumizing Shampoo,Haircare,109.83,images/118.jpg
119,Rare Beauty Hydrating Facial Roller,Beauty Tools,96.63,images/119.jpg
120,Fenty Beauty Hydrating Blush,Makeup,117.41,images/120.jpg
121,Fenty Beauty Volumizing Hair Oil,Haircare,82.61,images/121.jpg
122,Laneige Refreshing Mascara,Makeup,103.63,images/122.jpg
123,Laneige Radiant Makeup Brush Set,Beauty Tools,62.39,images/123.jpg
124,Dove Matte Eyeshadow Palette,Makeup,55.72,images/124.jpg
125,CeraVe Matte Beauty Blender,Beauty Tools,115.48,images/125.jpg
126,Neutrogena Radiant Makeup Brush Set,Beauty Tools,64.8,images/126.jpg
127,Laneige Hydrating Beauty Blender,Beauty Tools,87.08,images/127.jpg
128,Nivea Glow Cleanser,Skincare,108.49,images/128.jpg
129,Clinique Matte Face Wash,Skincare,60.4,images/129.jpg
130,Rare Beauty Repairing Hair Mask,Haircare,24.59,images/130.jpg
131,Maybelline Longwear Perfume,Fragrance,35.96,images/131.jpg
132,Nivea Radiant Foundation,Makeup,97.77,images/132.jpg
133,Innisfree Hydrating Facial Roller,Beauty Tools,115.35,images/133.jpg
134,CeraVe Glow Body Mist,Fragrance,80.1,images/134.jpg
135,Estee Lauder Glow Perfume,Fragrance,88.84,images/135.jpg
136,Estee Lauder Longwear Makeup Brush Set,Beauty Tools,21.04,images/136.jpg
137,Innisfree Silky Perfume,Fragrance,11.58,images/137.jpg
138,Nivea Refreshing Primer,Makeup,101.83,images/138.jpg
139,The Ordinary Refreshing Hair Mask,Haircare,49.57,images/139.jpg
140,Neutrogena Hydrating Eau De Parfum,Fragrance,84.3,images/140.jpg
141,Fenty Beauty Gentle Makeup Brush Set,Beauty Tools,118.97,images/141.jpg
142,Dove Radiant Hair Mask,Haircare,74.35,images/142.jpg
143,Estee Lauder Longwear Sunscreen,Skincare,19.3,images/143.jpg
144,Innisfree Matte Perfume,Fragrance,96.39,images/144.jpg
145,Neutrogena Refreshing Facial Roller,Beauty Tools,39.79,images/145.jpg
146,Cetaphil Gentle Night Cream,Skincare,83.77,images/146.jpg
147,CeraVe Hydrating Makeup Brush Set,Beauty Tools,55.99,images/147.jpg
148,Dove Hydrating Serum,Skincare,21.81,images/148.jpg
149,Nivea Volumizing Hair Mask,Haircare,89.09,images/149.jpg
150,Estee Lauder Glow Sunscreen,Skincare,105.27,images/150.jpg
151,Estee Lauder Radiant Night Cream,Skincare,71.89,images/151.jpg
152,Neutrogena Radiant Perfume,Fragrance,68.43,images/152.jpg
153,Neutrogena Hydrating Moisturizer,Skincare,53.2,images/153.jpg
154,Innisfree Volumizing Mascara,Makeup,41.47,images/154.jpg
155,Dove Silky Perfume,Fragrance,10.4,images/155.jpg
156,Laneige Repairing Lipstick,Makeup,90.22,images/156.jpg
157,Maybelline Matte Shampoo,Haircare,39.27,images/157.jpg
158,Neutrogena Hydrating Blush,Makeup,66.19,images/158.jpg
159,Dove Glow Body Mist,Fragrance,87.49,images/159.jpg
160,L'Oréal Refreshing Blush,Makeup,100.25,images/160.jpg
161,Rare Beauty Silky Sunscreen,Skincare,82.87,images/161.jpg
162,Innisfree Longwear Body Mist,Fragrance,43.83,images/162.jpg
163,Estee Lauder Gentle Shampoo,Haircare,63.82,images/163.jpg
164,Dove Hydrating Perfume,Fragrance,15.47,images/164.jpg
165,Estee Lauder Repairing Night Cream,Skincare,93.12,images/165.jpg
166,Clinique Silky Concealer,Makeup,76.59,images/166.jpg
167,CeraVe Refreshing Hair Mask,Haircare,56.64,images/167.jpg
168,Clinique Volumizing Mascara,Makeup,94.07,images/168.jpg
169,Rare Beauty Volumizing Eau De Parfum,Fragrance,19.96,images/169.jpg
170,Maybelline Longwear Concealer,Makeup,102.14,images/170.jpg
171,MAC Gentle Night Cream,Skincare,104.22,images/171.jpg
172,Fenty Beauty Gentle Beauty Blender,Beauty Tools,117.44,images/172.jpg
173,CeraVe Repairing Foundation,Makeup,82.34,images/173.jpg
174,Cetaphil Refreshing Makeup Brush Set,Beauty Tools,69.5,images/174.jpg
175,Laneige Repairing Shampoo,Haircare,71.45,images/175.jpg
176,Rare Beauty Refreshing Eau De Parfum,Fragrance,25.14,images/176.jpg
177,Neutrogena Volumizing Concealer,Makeup,118.85,images/177.jpg
178,The Ordinary Silky Facial Roller,Beauty Tools,20.47,images/178.jpg
179,MAC Hydrating Concealer,Makeup,59.64,images/179.jpg
180,Maybelline Glow Highlighter,Makeup,13.19,images/180.jpg
181,Dove Volumizing Conditioner,Haircare,50.21,images/181.jpg
182,Cetaphil Radiant Makeup Brush Set,Beauty Tools,99.75,images/182.jpg
183,CeraVe Hydrating Perfume,Fragrance,62.43,images/183.jpg
184,Innisfree Refreshing Beauty Blender,Beauty Tools,77.35,images/184.jpg
185,Maybelline Refreshing Eau De Parfum,Fragrance,111.75,images/185.jpg
186,Estee Lauder Hydrating Eau De Parfum,Fragrance,88.4,images/186.jpg
187,Innisfree Refreshing Shampoo,Haircare,22.4,images/187.jpg
188,Rare Beauty Glow Eau De Parfum,Fragrance,35.41,images/188.jpg
189,Innisfree Hydrating Hair Mask,Haircare,62.94,images/189.jpg
190,MAC Hydrating Toner,Skincare,8.41,images/190.jpg
191,MAC Volumizing Mascara,Makeup,101.38,images/191.jpg
192,Neutrogena Gentle Concealer,Makeup,39.7,images/192.jpg
193,Neutrogena Gentle Hair Mask,Haircare,97.66,images/193.jpg
194,Clinique Silky Beauty Blender,Beauty Tools,113.96,images/194.jpg
195,The Ordinary Glow Eyeshadow Palette,Makeup,8.21,images/195.jpg
196,Cetaphil Volumizing Toner,Skincare,16.42,images/196.jpg
197,Maybelline Gentle Shampoo,Haircare,59.88,images/197.jpg
198,Nivea Glow Shampoo,Haircare,84.16,images/198.jpg
199,L'Oréal Glow Face Wash,Skincare,94.96,images/199.jpg
200,The Ordinary Silky Makeup Brush Set,Beauty Tools,100.07,images/200.jpg
201,Cetaphil Gentle Perfume,Fragrance,55.39,images/201.jpg
202,Maybelline Longwear Shampoo,Haircare,25.43,images/202.jpg
203,Innisfree Radiant Cleanser,Skincare,28.91,images/203.jpg
204,L'Oréal Gentle Night Cream,Skincare,25.57,images/204.jpg
205,The Ordinary Silky Shampoo,Haircare,88.11,images/205.jpg
206,Cetaphil Silky Perfume,Fragrance,54.56,images/206.jpg
207,Cetaphil Longwear Body Mist,Fragrance,96.13,images/207.jpg
208,Fenty Beauty Refreshing Mascara,Makeup,109.93,images/208.jpg
209,Neutrogena Repairing Moisturizer,Skincare,15.65,images/209.jpg
210,Dove Gentle Makeup Brush Set,Beauty Tools,35.61,images/210.jpg
211,Clinique Refreshing Perfume,Fragrance,65.17,images/211.jpg
212,Fenty Beauty Radiant Concealer,Makeup,24.89,images/212.jpg
213,Nivea Refreshing Conditioner,Haircare,29.25,images/213.jpg
214,L'Oréal Silky Hair Oil,Haircare,116.33,images/214.jpg
215,L'Oréal Refreshing Perfume,Fragrance,28.78,images/215.jpg
216,The Ordinary Glow Shampoo,Haircare,17.21,images/216.jpg
217,MAC Longwear Body Mist,Fragrance,73.55,images/217.jpg
218,Innisfree Longwear Perfume,Fragrance,63.58,images/218.jpg
219,Nivea Hydrating Concealer,Makeup,118.59,images/219.jpg
220,Maybelline Radiant Mascara,Makeup,82.41,images/220.jpg
221,Laneige Silky Shampoo,Haircare,99.91,images/221.jpg
222,Innisfree Gentle Facial Roller,Beauty Tools,91.52,images/222.jpg
223,Innisfree Silky Facial Roller,Beauty Tools,21.5,images/223.jpg
224,Laneige Matte Perfume,Fragrance,12.01,images/224.jpg
225,Innisfree Matte Hair Oil,Haircare,19.96,images/225.jpg
226,Estee Lauder Gentle Lipstick,Makeup,77.88,images/226.jpg
227,Maybelline Radiant Conditioner,Haircare,62.56,images/227.jpg
228,Neutrogena Longwear Concealer,Makeup,21.24,images/228.jpg
229,The Ordinary Matte Eau De Parfum,Fragrance,90.11,images/229.jpg
230,MAC Hydrating Foundation,Makeup,41.82,images/230.jpg
231,Cetaphil Refreshing Foundation,Makeup,100.12,images/231.jpg
232,Fenty Beauty Longwear Beauty Blender,Beauty Tools,15.07,images/232.jpg
233,Estee Lauder Silky Night Cream,Skincare,19.87,images/233.jpg
234,Clinique Longwear Mascara,Makeup,113.89,images/234.jpg
235,MAC Refreshing Beauty Blender,Beauty Tools,102.71,images/235.jpg
236,Maybelline Radiant Makeup Brush Set,Beauty Tools,94.42,images/236.jpg
237,Clinique Radiant Sunscreen,Skincare,36.73,images/237.jpg
238,Laneige Gentle Hair Oil,Haircare,35.53,images/238.jpg
239,Clinique Matte Lipstick,Makeup,50.09,images/239.jpg
240,Fenty Beauty Matte Mascara,Makeup,94.33,images/240.jpg
241,Fenty Beauty Radiant Makeup Brush Set,Beauty Tools,56.47,images/241.jpg
242,Maybelline Radiant Facial Roller,Beauty Tools,80.72,images/242.jpg
243,Fenty Beauty Refreshing Serum,Skincare,35.73,images/243.jpg
244,Estee Lauder Matte Blush,Makeup,32.04,images/244.jpg
245,Rare Beauty Gentle Conditioner,Haircare,15.06,images/245.jpg
246,Neutrogena Refreshing Mascara,Makeup,21.19,images/246.jpg
247,Innisfree Radiant Lipstick,Makeup,42.46,images/247.jpg
248,Rare Beauty Silky Eau De Parfum,Fragrance,109.18,images/248.jpg
249,Nivea Glow Eau De Parfum,Fragrance,84.77,images/249.jpg
250,Dove Repairing Hair Mask,Haircare,19.67,images/250.jpg
251,Innisfree Radiant Body Mist,Fragrance,35.3,images/251.jpg
252,Clinique Repairing Conditioner,Haircare,32.29,images/252.jpg
253,Estee Lauder Longwear Mascara,Makeup,28.48,images/253.jpg
254,L'Oréal Matte Highlighter,Makeup,42.58,images/254.jpg
255,Laneige Longwear Eau De Parfum,Fragrance,92.02,images/255.jpg
256,Fenty Beauty Volumizing Hair Mask,Haircare,34.1,images/256.jpg
257,Clinique Refreshing Hair Mask,Haircare,38.01,images/257.jpg
258,MAC Volumizing Toner,Skincare,52.65,images/258.jpg
259,L'Oréal Gentle Shampoo,Haircare,97.18,images/259.jpg
260,Fenty Beauty Volumizing Hair Oil,Haircare,66.74,images/260.jpg
261,MAC Refreshing Lipstick,Makeup,48.91,images/261.jpg
262,Maybelline Radiant Makeup Brush Set,Beauty Tools,31.42,images/262.jpg
263,Estee Lauder Gentle Facial Roller,Beauty Tools,46.42,images/263.jpg
264,Estee Lauder Radiant Body Mist,Fragrance,16.67,images/264.jpg
265,CeraVe Silky Concealer,Makeup,57.11,images/265.jpg
266,Rare Beauty Glow Makeup Brush Set,Beauty Tools,93.99,images/266.jpg
267,Nivea Volumizing Face Wash,Skincare,48.52,images/267.jpg
268,Neutrogena Longwear Toner,Skincare,70.37,images/268.jpg
269,Estee Lauder Gentle Highlighter,Makeup,18.93,images/269.jpg
270,Fenty Beauty Hydrating Facial Roller,Beauty Tools,37.89,images/270.jpg
271,Fenty Beauty Repairing Shampoo,Haircare,61.58,images/271.jpg
272,Laneige Refreshing Concealer,Makeup,31.39,images/272.jpg
273,Laneige Glow Facial Roller,Beauty Tools,104.98,images/273.jpg
274,Rare Beauty Refreshing Eau De Parfum,Fragrance,52.02,images/274.jpg
275,Rare Beauty Volumizing Beauty Blender,Beauty Tools,107.5,images/275.jpg
276,The Ordinary Hydrating Beauty Blender,Beauty Tools,96.08,images/276.jpg
277,Clinique Repairing Hair Mask,Haircare,111.05,images/277.jpg
278,MAC Longwear Shampoo,Haircare,61.44,images/278.jpg
279,Estee Lauder Gentle Primer,Makeup,33.31,images/279.jpg
280,Maybelline Silky Eyeshadow Palette,Makeup,77.45,images/280.jpg
281,Nivea Glow Facial Roller,Beauty Tools,44.03,images/281.jpg
282,Nivea Longwear Beauty Blender,Beauty Tools,88.9,images/282.jpg
283,Rare Beauty Radiant Eau De Parfum,Fragrance,23.08,images/283.jpg
284,MAC Matte Hair Mask,Haircare,48.27,images/284.jpg
285,Clinique Repairing Shampoo,Haircare,72.95,images/285.jpg
286,Clinique Refreshing Serum,Skincare,96.12,images/286.jpg
287,MAC Volumizing Beauty Blender,Beauty Tools,30.01,images/287.jpg
288,Cetaphil Silky Blush,Makeup,108.6,images/288.jpg
289,Rare Beauty Matte Perfume,Fragrance,13.14,images/289.jpg
290,The Ordinary Radiant Hair Oil,Haircare,33.49,images/290.jpg
291,Clinique Matte Concealer,Makeup,48.76,images/291.jpg
292,CeraVe Refreshing Face Wash,Skincare,80.63,images/292.jpg
293,Innisfree Repairing Facial Roller,Beauty Tools,89.22,images/293.jpg
294,Clinique Glow Lipstick,Makeup,91.61,images/294.jpg
295,CeraVe Gentle Blush,Makeup,100.94,images/295.jpg
296,Dove Repairing Body Mist,Fragrance,104.84,images/296.jpg
297,Dove Radiant Toner,Skincare,111.29,images/297.jpg
298,CeraVe Repairing Shampoo,Haircare,102.64,images/298.jpg
299,Dove Volumizing Eyeshadow Palette,Makeup,78.28,images/299.jpg
300,Maybelline Matte Perfume,Fragrance,119.1,images/300.jpg
301,Dove Glow Concealer,Makeup,32.34,images/301.jpg
302,Maybelline Silky Body Mist,Fragrance,21.37,images/302.jpg
303,Maybelline Longwear Serum,Skincare,22.74,images/303.jpg
304,The Ordinary Gentle Facial Roller,Beauty Tools,56.82,images/304.jpg
305,Nivea Gentle Shampoo,Haircare,56.25,images/305.jpg
306,Maybelline Longwear Perfume,Fragrance,45.59,images/306.jpg
307,Cetaphil Volumizing Highlighter,Makeup,42.83,images/307.jpg
308,Maybelline Longwear Mascara,Makeup,111.82,images/308.jpg
309,The Ordinary Radiant Conditioner,Haircare,57.14,images/309.jpg
310,CeraVe Glow Shampoo,Haircare,108.03,images/310.jpg
311,Rare Beauty Glow Mascara,Makeup,56.94,images/311.jpg
312,The Ordinary Hydrating Hair Oil,Haircare,23.29,images/312.jpg
313,Clinique Radiant Facial Roller,Beauty Tools,55.07,images/313.jpg
314,Cetaphil Hydrating Foundation,Makeup,117.52,images/314.jpg
315,CeraVe Refreshing Makeup Brush Set,Beauty Tools,23.58,images/315.jpg
316,Neutrogena Glow Eau De Parfum,Fragrance,104.88,images/316.jpg
317,Innisfree Silky Makeup Brush Set,Beauty Tools,99.14,images/317.jpg
318,Fenty Beauty Matte Moisturizer,Skincare,91.19,images/318.jpg
319,L'Oréal Matte Hair Mask,Haircare,22.61,images/319.jpg
320,CeraVe Matte Hair Mask,Haircare,35.46,images/320.jpg
321,Dove Volumizing Conditioner,Haircare,87.2,images/321.jpg
322,Estee Lauder Radiant Sunscreen,Skincare,16.28,images/322.jpg
323,The Ordinary Volumizing Hair Mask,Haircare,94.84,images/323.jpg
324,Nivea Gentle Primer,Makeup,54.99,images/324.jpg
325,The Ordinary Refreshing Facial Roller,Beauty Tools,23.6,images/325.jpg
326,Fenty Beauty Matte Sunscreen,Skincare,95.9,images/326.jpg
327,Laneige Glow Eau De Parfum,Fragrance,31.32,images/327.jpg
328,Rare Beauty Silky Eau De Parfum,Fragrance,32.38,images/328.jpg
329,Fenty Beauty Volumizing Foundation,Makeup,16.64,images/329.jpg
330,CeraVe Matte Blush,Makeup,105.92,images/330.jpg
331,Dove Longwear Makeup Brush Set,Beauty Tools,10.24,images/331.jpg
332,Dove Silky Cleanser,Skincare,113.23,images/332.jpg
333,Rare Beauty Radiant Hair Mask,Haircare,88.21,images/333.jpg
334,MAC Refreshing Sunscreen,Skincare,83.62,images/334.jpg
335,CeraVe Volumizing Body Mist,Fragrance,81.52,images/335.jpg
336,Estee Lauder Volumizing Blush,Makeup,74.97,images/336.jpg
337,CeraVe Refreshing Makeup Brush Set,Beauty Tools,83.5,images/337.jpg
338,The Ordinary Repairing Night Cream,Skincare,30.33,images/338.jpg
339,Neutrogena Refreshing Facial Roller,Beauty Tools,25.08,images/339.jpg
340,Rare Beauty Silky Face Wash,Skincare,29.44,images/340.jpg
341,Laneige Hydrating Moisturizer,Skincare,70.57,images/341.jpg
342,Rare Beauty Matte Eau De Parfum,Fragrance,81.89,images/342.jpg
343,Neutrogena Refreshing Facial Roller,Beauty Tools,105.0,images/343.jpg
344,Innisfree Hydrating Eau De Parfum,Fragrance,8.82,images/344.jpg
345,Maybelline Gentle Hair Oil,Haircare,86.02,images/345.jpg
346,Nivea Silky Beauty Blender,Beauty Tools,83.7,images/346.jpg
347,Dove Radiant Body Mist,Fragrance,66.54,images/347.jpg
348,L'Oréal Matte Hair Oil,Haircare,93.26,images/348.jpg
349,Clinique Silky Eau De Parfum,Fragrance,50.87,images/349.jpg
350,Cetaphil Hydrating Facial Roller,Beauty Tools,11.19,images/350.jpg
351,The Ordinary Matte Eyeshadow Palette,Makeup,30.33,images/351.jpg
352,The Ordinary Silky Beauty Blender,Beauty Tools,102.95,images/352.jpg
353,Estee Lauder Silky Beauty Blender,Beauty Tools,102.6,images/353.jpg
354,Nivea Volumizing Makeup Brush Set,Beauty Tools,23.61,images/354.jpg
355,Dove Repairing Conditioner,Haircare,51.54,images/355.jpg
356,Rare Beauty Volumizing Eyeshadow Palette,Makeup,42.45,images/356.jpg
357,L'Oréal Repairing Makeup Brush Set,Beauty Tools,17.52,images/357.jpg
358,Dove Glow Makeup Brush Set,Beauty Tools,32.33,images/358.jpg
359,Estee Lauder Refreshing Eau De Parfum,Fragrance,24.93,images/359.jpg
360,Maybelline Glow Toner,Skincare,22.25,images/360.jpg
361,Neutrogena Silky Perfume,Fragrance,47.26,images/361.jpg
362,CeraVe Refreshing Body Mist,Fragrance,50.4,images/362.jpg
363,Fenty Beauty Matte Night Cream,Skincare,64.2,images/363.jpg
364,Laneige Volumizing Makeup Brush Set,Beauty Tools,104.52,images/364.jpg
365,CeraVe Volumizing Eau De Parfum,Fragrance,73.64,images/365.jpg
366,CeraVe Longwear Perfume,Fragrance,116.49,images/366.jpg
367,Neutrogena Silky Beauty Blender,Beauty Tools,96.6,images/367.jpg
368,The Ordinary Matte Eau De Parfum,Fragrance,25.68,images/368.jpg
369,MAC Silky Highlighter,Makeup,105.49,images/369.jpg
370,Cetaphil Matte Concealer,Makeup,97.21,images/370.jpg
371,Dove Volumizing Facial Roller,Beauty Tools,118.38,images/371.jpg
372,Innisfree Longwear Eau De Parfum,Fragrance,86.62,images/372.jpg
373,Neutrogena Gentle Shampoo,Haircare,57.32,images/373.jpg
374,Neutrogena Repairing Perfume,Fragrance,20.56,images/374.jpg
375,Neutrogena Refreshing Hair Oil,Haircare,94.22,images/375.jpg
376,Dove Longwear Facial Roller,Beauty Tools,31.4,images/376.jpg
377,Innisfree Glow Eau De Parfum,Fragrance,71.66,images/377.jpg
378,Fenty Beauty Hydrating Body Mist,Fragrance,26.56,images/378.jpg
379,L'Oréal Matte Mascara,Makeup,73.45,images/379.jpg
380,Clinique Matte Perfume,Fragrance,11.27,images/380.jpg
381,Innisfree Volumizing Highlighter,Makeup,14.66,images/381.jpg
382,Maybelline Refreshing Cleanser,Skincare,106.94,images/382.jpg
383,Laneige Longwear Eau De Parfum,Fragrance,43.24,images/383.jpg
384,Dove Gentle Sunscreen,Skincare,24.72,images/384.jpg
385,Estee Lauder Gentle Body Mist,Fragrance,64.55,images/385.jpg
386,Clinique Volumizing Sunscreen,Skincare,13.34,images/386.jpg
387,Cetaphil Refreshing Perfume,Fragrance,102.85,images/387.jpg
388,Cetaphil Longwear Eyeshadow Palette,Makeup,119.03,images/388.jpg
389,Neutrogena Hydrating Body Mist,Fragrance,98.16,images/389.jpg
390,Clinique Gentle Hair Mask,Haircare,55.75,images/390.jpg
391,CeraVe Volumizing Concealer,Makeup,18.07,images/391.jpg
392,Nivea Matte Beauty Blender,Beauty Tools,76.95,images/392.jpg
393,MAC Silky Eau De Parfum,Fragrance,72.02,images/393.jpg
394,Estee Lauder Glow Blush,Makeup,74.81,images/394.jpg
395,Fenty Beauty Refreshing Highlighter,Makeup,46.84,images/395.jpg
396,Estee Lauder Longwear Cleanser,Skincare,17.87,images/396.jpg
397,Dove Longwear Perfume,Fragrance,17.83,images/397.jpg
398,Rare Beauty Hydrating Concealer,Makeup,38.35,images/398.jpg
399,Laneige Glow Shampoo,Haircare,59.68,images/399.jpg
400,Nivea Silky Hair Oil,Haircare,80.87,images/400.jpg
401,MAC Longwear Hair Oil,Haircare,14.86,images/401.jpg
402,Cetaphil Hydrating Moisturizer,Skincare,105.16,images/402.jpg
403,CeraVe Volumizing Beauty Blender,Beauty Tools,81.65,images/403.jpg
404,Maybelline Hydrating Moisturizer,Skincare,104.4,images/404.jpg
405,Estee Lauder Volumizing Blush,Makeup,52.72,images/405.jpg
406,Maybelline Longwear Primer,Makeup,105.09,images/406.jpg
407,Clinique Radiant Perfume,Fragrance,74.15,images/407.jpg
408,Clinique Silky Sunscreen,Skincare,17.04,images/408.jpg
409,Neutrogena Matte Highlighter,Makeup,18.88,images/409.jpg
410,Neutrogena Hydrating Perfume,Fragrance,113.3,images/410.jpg
411,Neutrogena Longwear Hair Mask,Haircare,99.36,images/411.jpg
412,Innisfree Repairing Night Cream,Skincare,28.35,images/412.jpg
413,Nivea Gentle Eau De Parfum,Fragrance,32.6,images/413.jpg
414,Fenty Beauty Radiant Beauty Blender,Beauty Tools,108.18,images/414.jpg
415,Rare Beauty Matte Makeup Brush Set,Beauty Tools,47.13,images/415.jpg
416,Fenty Beauty Volumizing Shampoo,Haircare,94.37,images/416.jpg
417,Maybelline Longwear Blush,Makeup,83.4,images/417.jpg
418,CeraVe Matte Body Mist,Fragrance,105.5,images/418.jpg
419,The Ordinary Hydrating Concealer,Makeup,79.98,images/419.jpg
420,Laneige Repairing Eau De Parfum,Fragrance,89.79,images/420.jpg
421,L'Oréal Longwear Body Mist,Fragrance,26.1,images/421.jpg
422,Dove Gentle Hair Oil,Haircare,53.87,images/422.jpg
423,Cetaphil Matte Blush,Makeup,8.93,images/423.jpg
424,Rare Beauty Matte Highlighter,Makeup,117.45,images/424.jpg
425,Dove Repairing Beauty Blender,Beauty Tools,30.39,images/425.jpg
426,CeraVe Silky Shampoo,Haircare,108.6,images/426.jpg
427,Dove Radiant Hair Oil,Haircare,106.39,images/427.jpg
428,Nivea Volumizing Serum,Skincare,116.14,images/428.jpg
429,Clinique Longwear Conditioner,Haircare,58.72,images/429.jpg
430,Estee Lauder Radiant Facial Roller,Beauty Tools,66.7,images/430.jpg
431,Dove Gentle Blush,Makeup,45.3,images/431.jpg
432,Maybelline Radiant Eyeshadow Palette,Makeup,57.02,images/432.jpg
433,Clinique Longwear Concealer,Makeup,89.41,images/433.jpg
434,Clinique Volumizing Shampoo,Haircare,44.73,images/434.jpg
435,Cetaphil Silky Beauty Blender,Beauty Tools,51.92,images/435.jpg
436,MAC Glow Facial Roller,Beauty Tools,78.07,images/436.jpg
437,Rare Beauty Radiant Face Wash,Skincare,60.49,images/437.jpg
438,CeraVe Matte Facial Roller,Beauty Tools,61.74,images/438.jpg
439,Cetaphil Refreshing Shampoo,Haircare,51.82,images/439.jpg
440,Dove Radiant Facial Roller,Beauty Tools,14.43,images/440.jpg
441,MAC Matte Makeup Brush Set,Beauty Tools,26.03,images/441.jpg
442,Cetaphil Longwear Conditioner,Haircare,119.28,images/442.jpg
443,Laneige Glow Shampoo,Haircare,52.01,images/443.jpg
444,Fenty Beauty Glow Blush,Makeup,38.04,images/444.jpg
445,Clinique Glow Makeup Brush Set,Beauty Tools,112.86,images/445.jpg
446,The Ordinary Volumizing Perfume,Fragrance,70.66,images/446.jpg
447,Estee Lauder Longwear Hair Oil,Haircare,86.72,images/447.jpg
448,Innisfree Gentle Concealer,Makeup,62.77,images/448.jpg
449,Nivea Hydrating Cleanser,Skincare,116.68,images/449.jpg
450,Nivea Hydrating Mascara,Makeup,116.97,images/450.jpg
451,Laneige Matte Conditioner,Haircare,55.16,images/451.jpg
452,Clinique Radiant Shampoo,Haircare,60.12,images/452.jpg
453,Innisfree Gentle Conditioner,Haircare,118.4,images/453.jpg
454,Neutrogena Hydrating Beauty Blender,Beauty Tools,45.1,images/454.jpg
455,Estee Lauder Matte Makeup Brush Set,Beauty Tools,68.66,images/455.jpg
456,CeraVe Radiant Mascara,Makeup,85.86,images/456.jpg
457,Maybelline Radiant Perfume,Fragrance,15.68,images/457.jpg
458,The Ordinary Radiant Highlighter,Makeup,110.43,images/458.jpg
459,Neutrogena Glow Shampoo,Haircare,113.36,images/459.jpg
460,Nivea Volumizing Perfume,Fragrance,106.49,images/460.jpg
461,Rare Beauty Glow Face Wash,Skincare,48.39,images/461.jpg
462,Clinique Silky Mascara,Makeup,28.76,images/462.jpg
463,Estee Lauder Silky Moisturizer,Skincare,115.05,images/463.jpg
464,The Ordinary Radiant Perfume,Fragrance,59.84,images/464.jpg
465,Fenty Beauty Matte Perfume,Fragrance,64.03,images/465.jpg
466,Neutrogena Hydrating Toner,Skincare,30.86,images/466.jpg
467,The Ordinary Silky Shampoo,Haircare,42.15,images/467.jpg
468,Rare Beauty Radiant Facial Roller,Beauty Tools,100.15,images/468.jpg
469,Fenty Beauty Gentle Body Mist,Fragrance,54.19,images/469.jpg
470,Rare Beauty Hydrating Highlighter,Makeup,72.67,images/470.jpg
471,Clinique Longwear Perfume,Fragrance,109.0,images/471.jpg
472,Nivea Gentle Face Wash,Skincare,36.5,images/472.jpg
473,CeraVe Glow Moisturizer,Skincare,92.08,images/473.jpg
474,Laneige Repairing Blush,Makeup,61.32,images/474.jpg
475,MAC Refreshing Beauty Blender,Beauty Tools,110.65,images/475.jpg
476,Clinique Refreshing Face Wash,Skincare,86.01,images/476.jpg
477,Rare Beauty Silky Body Mist,Fragrance,96.09,images/477.jpg
478,Maybelline Longwear Serum,Skincare,69.85,images/478.jpg
479,Estee Lauder Hydrating Shampoo,Haircare,73.23,images/479.jpg
480,Maybelline Silky Eau De Parfum,Fragrance,48.86,images/480.jpg
481,Clinique Radiant Concealer,Makeup,10.35,images/481.jpg
482,Innisfree Radiant Body Mist,Fragrance,87.62,images/482.jpg
483,MAC Refreshing Shampoo,Haircare,63.83,images/483.jpg
484,The Ordinary Radiant Beauty Blender,Beauty Tools,116.84,images/484.jpg
485,CeraVe Longwear Moisturizer,Skincare,33.02,images/485.jpg
486,Rare Beauty Longwear Moisturizer,Skincare,103.24,images/486.jpg
487,Dove Gentle Foundation,Makeup,51.55,images/487.jpg
488,Nivea Hydrating Hair Mask,Haircare,21.08,images/488.jpg
489,Nivea Longwear Eyeshadow Palette,Makeup,60.06,images/489.jpg
490,Maybelline Radiant Facial Roller,Beauty Tools,117.47,images/490.jpg
491,Maybelline Silky Hair Oil,Haircare,118.28,images/491.jpg
492,Maybelline Silky Hair Oil,Haircare,16.17,images/492.jpg
493,Estee Lauder Glow Shampoo,Haircare,101.46,images/493.jpg
494,Estee Lauder Matte Facial Roller,Beauty Tools,109.2,images/494.jpg
495,Fenty Beauty Matte Toner,Skincare,24.91,images/495.jpg
496,Fenty Beauty Longwear Facial Roller,Beauty Tools,40.85,images/496.jpg
497,Innisfree Gentle Moisturizer,Skincare,94.38,images/497.jpg
498,Neutrogena Hydrating Facial Roller,Beauty Tools,35.18,images/498.jpg
499,Maybelline Longwear Toner,Skincare,111.32,images/499.jpg
500,Nivea Matte Blush,Makeup,48.17,images/500.jpg
501,Nivea Refreshing Body Mist,Fragrance,53.59,images/501.jpg
502,Nivea Silky Beauty Blender,Beauty Tools,115.71,images/502.jpg
503,Cetaphil Hydrating Makeup Brush Set,Beauty Tools,74.75,images/503.jpg
504,Cetaphil Longwear Eyeshadow Palette,Makeup,110.68,images/504.jpg
505,Dove Gentle Shampoo,Haircare,95.75,images/505.jpg
506,Neutrogena Volumizing Conditioner,Haircare,14.13,images/506.jpg
507,Dove Repairing Moisturizer,Skincare,117.13,images/507.jpg
508,Innisfree Radiant Perfume,Fragrance,110.39,images/508.jpg
509,MAC Longwear Perfume,Fragrance,101.94,images/509.jpg
510,MAC Radiant Beauty Blender,Beauty Tools,30.36,images/510.jpg
511,Nivea Matte Mascara,Makeup,12.59,images/511.jpg
512,Clinique Silky Facial Roller,Beauty Tools,60.5,images/512.jpg
513,Fenty Beauty Volumizing Hair Oil,Haircare,13.23,images/513.jpg
514,Fenty Beauty Matte Shampoo,Haircare,102.8,images/514.jpg
515,Laneige Glow Perfume,Fragrance,64.57,images/515.jpg
516,The Ordinary Gentle Cleanser,Skincare,70.59,images/516.jpg
517,Dove Hydrating Concealer,Makeup,90.54,images/517.jpg
518,Innisfree Refreshing Face Wash,Skincare,82.83,images/518.jpg
519,Neutrogena Refreshing Perfume,Fragrance,86.35,images/519.jpg
520,Clinique Matte Beauty Blender,Beauty Tools,48.7,images/520.jpg
521,Clinique Matte Foundation,Makeup,73.21,images/521.jpg
522,L'Oréal Longwear Conditioner,Haircare,95.44,images/522.jpg
523,Clinique Repairing Body Mist,Fragrance,53.46,images/523.jpg
524,Cetaphil Volumizing Moisturizer,Skincare,10.42,images/524.jpg
525,The Ordinary Refreshing Toner,Skincare,16.83,images/525.jpg
526,MAC Hydrating Mascara,Makeup,98.69,images/526.jpg
527,MAC Radiant Serum,Skincare,38.85,images/527.jpg
528,Cetaphil Hydrating Facial Roller,Beauty Tools,99.67,images/528.jpg
529,Innisfree Silky Makeup Brush Set,Beauty Tools,111.47,images/529.jpg
530,Laneige Repairing Mascara,Makeup,85.99,images/530.jpg
531,Rare Beauty Volumizing Facial Roller,Beauty Tools,84.45,images/531.jpg
532,The Ordinary Glow Perfume,Fragrance,41.78,images/532.jpg
533,MAC Volumizing Eau De Parfum,Fragrance,44.01,images/533.jpg
534,Innisfree Gentle Makeup Brush Set,Beauty Tools,95.13,images/534.jpg
535,Nivea Hydrating Facial Roller,Beauty Tools,31.17,images/535.jpg
536,Nivea Matte Facial Roller,Beauty Tools,119.34,images/536.jpg
537,Rare Beauty Hydrating Perfume,Fragrance,96.93,images/537.jpg
538,Rare Beauty Gentle Hair Oil,Haircare,23.23,images/538.jpg
539,Nivea Matte Night Cream,Skincare,22.49,images/539.jpg
540,Innisfree Hydrating Beauty Blender,Beauty Tools,23.48,images/540.jpg
541,Cetaphil Glow Body Mist,Fragrance,64.84,images/541.jpg
542,Innisfree Gentle Eau De Parfum,Fragrance,22.66,images/542.jpg
543,CeraVe Refreshing Facial Roller,Beauty Tools,79.67,images/543.jpg
544,Fenty Beauty Silky Makeup Brush Set,Beauty Tools,83.02,images/544.jpg
545,The Ordinary Matte Eau De Parfum,Fragrance,109.26,images/545.jpg
546,Maybelline Gentle Eau De Parfum,Fragrance,87.61,images/546.jpg
547,MAC Volumizing Sunscreen,Skincare,77.28,images/547.jpg
548,The Ordinary Repairing Cleanser,Skincare,33.77,images/548.jpg
549,Maybelline Volumizing Body Mist,Fragrance,97.26,images/549.jpg
550,L'Oréal Silky Blush,Makeup,82.9,images/550.jpg
551,The Ordinary Glow Concealer,Makeup,110.2,images/551.jpg
552,CeraVe Longwear Conditioner,Haircare,28.06,images/552.jpg
553,Nivea Gentle Eau De Parfum,Fragrance,116.15,images/553.jpg
554,Nivea Volumizing Body Mist,Fragrance,99.9,images/554.jpg
555,Laneige Longwear Foundation,Makeup,94.8,images/555.jpg
556,Fenty Beauty Longwear Body Mist,Fragrance,94.12,images/556.jpg
557,Innisfree Gentle Eau De Parfum,Fragrance,110.85,images/557.jpg
558,MAC Radiant Primer,Makeup,8.46,images/558.jpg
559,Dove Matte Toner,Skincare,116.84,images/559.jpg
560,Rare Beauty Matte Shampoo,Haircare,31.97,images/560.jpg
561,Cetaphil Refreshing Makeup Brush Set,Beauty Tools,74.01,images/561.jpg
562,L'Oréal Repairing Shampoo,Haircare,30.91,images/562.jpg
563,Nivea Matte Highlighter,Makeup,112.64,images/563.jpg
564,Neutrogena Repairing Sunscreen,Skincare,96.82,images/564.jpg
565,Dove Silky Night Cream,Skincare,104.14,images/565.jpg
566,Dove Volumizing Body Mist,Fragrance,65.04,images/566.jpg
567,Cetaphil Hydrating Body Mist,Fragrance,52.78,images/567.jpg
568,Neutrogena Longwear Sunscreen,Skincare,53.25,images/568.jpg
569,Dove Silky Hair Mask,Haircare,80.34,images/569.jpg
570,Fenty Beauty Repairing Hair Oil,Haircare,54.58,images/570.jpg
571,The Ordinary Repairing Body Mist,Fragrance,112.92,images/571.jpg
572,CeraVe Hydrating Lipstick,Makeup,63.77,images/572.jpg
573,Rare Beauty Gentle Primer,Makeup,20.98,images/573.jpg
574,Neutrogena Gentle Facial Roller,Beauty Tools,86.67,images/574.jpg
575,Nivea Refreshing Makeup Brush Set,Beauty Tools,80.04,images/575.jpg
576,Estee Lauder Matte Face Wash,Skincare,97.86,images/576.jpg
577,Neutrogena Radiant Hair Mask,Haircare,47.07,images/577.jpg
578,Neutrogena Refreshing Night Cream,Skincare,82.47,images/578.jpg
579,Maybelline Glow Perfume,Fragrance,60.82,images/579.jpg
580,Nivea Silky Sunscreen,Skincare,50.65,images/580.jpg
581,Innisfree Longwear Shampoo,Haircare,43.31,images/581.jpg
582,L'Oréal Silky Body Mist,Fragrance,103.72,images/582.jpg
583,Maybelline Silky Shampoo,Haircare,108.2,images/583.jpg
584,Neutrogena Longwear Makeup Brush Set,Beauty Tools,25.73,images/584.jpg
585,Nivea Longwear Eau De Parfum,Fragrance,42.41,images/585.jpg
586,Nivea Matte Night Cream,Skincare,20.37,images/586.jpg
587,Nivea Volumizing Night Cream,Skincare,118.9,images/587.jpg
588,Rare Beauty Radiant Conditioner,Haircare,89.54,images/588.jpg
589,Maybelline Volumizing Body Mist,Fragrance,77.17,images/589.jpg
590,MAC Radiant Shampoo,Haircare,49.45,images/590.jpg
591,Clinique Hydrating Makeup Brush Set,Beauty Tools,49.53,images/591.jpg
592,Clinique Hydrating Primer,Makeup,76.81,images/592.jpg
593,The Ordinary Radiant Beauty Blender,Beauty Tools,91.27,images/593.jpg
594,Innisfree Longwear Hair Mask,Haircare,15.35,images/594.jpg
595,Estee Lauder Matte Highlighter,Makeup,90.3,images/595.jpg
596,CeraVe Glow Hair Mask,Haircare,93.92,images/596.jpg
597,CeraVe Matte Moisturizer,Skincare,34.56,images/597.jpg
598,MAC Glow Perfume,Fragrance,101.09,images/598.jpg
599,Rare Beauty Glow Cleanser,Skincare,46.03,images/599.jpg
600,Estee Lauder Gentle Moisturizer,Skincare,69.09,images/600.jpg
601,Rare Beauty Gentle Eyeshadow Palette,Makeup,92.98,images/601.jpg
602,MAC Radiant Eyeshadow Palette,Makeup,105.52,images/602.jpg
603,MAC Gentle Night Cream,Skincare,89.05,images/603.jpg
604,Clinique Repairing Moisturizer,Skincare,70.56,images/604.jpg
605,MAC Hydrating Facial Roller,Beauty Tools,36.72,images/605.jpg
606,Laneige Volumizing Body Mist,Fragrance,19.13,images/606.jpg
607,Innisfree Glow Shampoo,Haircare,38.43,images/607.jpg
608,Clinique Hydrating Mascara,Makeup,102.49,images/608.jpg
609,The Ordinary Silky Perfume,Fragrance,92.98,images/609.jpg
610,Laneige Refreshing Facial Roller,Beauty Tools,68.73,images/610.jpg
611,Neutrogena Refreshing Night Cream,Skincare,88.53,images/611.jpg
612,Dove Repairing Night Cream,Skincare,88.97,images/612.jpg
613,Innisfree Refreshing Hair Oil,Haircare,58.25,images/613.jpg
614,Dove Longwear Beauty Blender,Beauty Tools,73.0,images/614.jpg
615,Innisfree Gentle Toner,Skincare,70.04,images/615.jpg
616,Cetaphil Silky Eau De Parfum,Fragrance,45.18,images/616.jpg
617,Dove Refreshing Hair Mask,Haircare,113.96,images/617.jpg
618,Maybelline Gentle Shampoo,Haircare,55.52,images/618.jpg
619,Estee Lauder Hydrating Eau De Parfum,Fragrance,103.41,images/619.jpg
620,Neutrogena Matte Night Cream,Skincare,76.43,images/620.jpg
621,Clinique Repairing Face Wash,Skincare,90.36,images/621.jpg
622,Innisfree Radiant Blush,Makeup,31.07,images/622.jpg
623,CeraVe Repairing Night Cream,Skincare,9.32,images/623.jpg
624,Clinique Radiant Moisturizer,Skincare,84.09,images/624.jpg
625,Estee Lauder Glow Body Mist,Fragrance,99.42,images/625.jpg
626,Clinique Longwear Mascara,Makeup,50.88,images/626.jpg
627,Fenty Beauty Refreshing Beauty Blender,Beauty Tools,89.51,images/627.jpg
628,Fenty Beauty Gentle Mascara,Makeup,49.38,images/628.jpg
629,CeraVe Gentle Eyeshadow Palette,Makeup,85.89,images/629.jpg
630,CeraVe Glow Sunscreen,Skincare,15.22,images/630.jpg
631,Nivea Gentle Shampoo,Haircare,87.67,images/631.jpg
632,Neutrogena Silky Body Mist,Fragrance,81.93,images/632.jpg
633,MAC Repairing Perfume,Fragrance,117.5,images/633.jpg
634,L'Oréal Longwear Conditioner,Haircare,69.13,images/634.jpg
635,MAC Radiant Eau De Parfum,Fragrance,96.57,images/635.jpg
636,CeraVe Repairing Perfume,Fragrance,48.23,images/636.jpg
637,Laneige Repairing Serum,Skincare,18.87,images/637.jpg
638,Innisfree Glow Eau De Parfum,Fragrance,28.94,images/638.jpg
639,Cetaphil Refreshing Body Mist,Fragrance,82.57,images/639.jpg
640,Clinique Glow Hair Oil,Haircare,30.12,images/640.jpg
641,Maybelline Repairing Toner,Skincare,94.99,images/641.jpg
642,Fenty Beauty Silky Eyeshadow Palette,Makeup,86.36,images/642.jpg
643,Laneige Longwear Highlighter,Makeup,100.97,images/643.jpg
644,Nivea Longwear Shampoo,Haircare,72.51,images/644.jpg
645,The Ordinary Repairing Lipstick,Makeup,62.96,images/645.jpg
646,CeraVe Refreshing Night Cream,Skincare,55.15,images/646.jpg
647,Maybelline Volumizing Facial Roller,Beauty Tools,47.18,images/647.jpg
648,Laneige Glow Hair Mask,Haircare,117.44,images/648.jpg
649,Rare Beauty Refreshing Lipstick,Makeup,92.58,images/649.jpg
650,Maybelline Gentle Body Mist,Fragrance,60.94,images/650.jpg
651,Rare Beauty Longwear Perfume,Fragrance,118.01,images/651.jpg
652,Nivea Glow Primer,Makeup,35.95,images/652.jpg
653,Cetaphil Hydrating Eau De Parfum,Fragrance,15.51,images/653.jpg
654,L'Oréal Matte Eau De Parfum,Fragrance,80.55,images/654.jpg
655,Neutrogena Glow Toner,Skincare,37.39,images/655.jpg
656,Estee Lauder Glow Perfume,Fragrance,62.55,images/656.jpg
657,Rare Beauty Longwear Hair Oil,Haircare,97.91,images/657.jpg
658,Nivea Matte Shampoo,Haircare,58.63,images/658.jpg
659,Laneige Hydrating Lipstick,Makeup,29.75,images/659.jpg
660,Fenty Beauty Hydrating Moisturizer,Skincare,41.61,images/660.jpg
661,Innisfree Glow Moisturizer,Skincare,11.79,images/661.jpg
662,Rare Beauty Radiant Beauty Blender,Beauty Tools,112.26,images/662.jpg
663,L'Oréal Radiant Sunscreen,Skincare,67.73,images/663.jpg
664,MAC Gentle Conditioner,Haircare,94.95,images/664.jpg
665,Estee Lauder Gentle Toner,Skincare,89.52,images/665.jpg
666,The Ordinary Gentle Hair Oil,Haircare,100.92,images/666.jpg
667,Innisfree Gentle Hair Mask,Haircare,67.67,images/667.jpg
668,Estee Lauder Matte Conditioner,Haircare,119.4,images/668.jpg
669,Cetaphil Glow Beauty Blender,Beauty Tools,28.79,images/669.jpg
670,Dove Radiant Mascara,Makeup,116.94,images/670.jpg
671,Fenty Beauty Repairing Makeup Brush Set,Beauty Tools,98.66,images/671.jpg
672,Rare Beauty Refreshing Perfume,Fragrance,74.32,images/672.jpg
673,Laneige Glow Sunscreen,Skincare,21.05,images/673.jpg
674,Laneige Refreshing Eau De Parfum,Fragrance,15.28,images/674.jpg
675,Maybelline Gentle Perfume,Fragrance,105.88,images/675.jpg
676,The Ordinary Longwear Blush,Makeup,18.28,images/676.jpg
677,Maybelline Longwear Cleanser,Skincare,54.59,images/677.jpg
678,Neutrogena Hydrating Concealer,Makeup,21.4,images/678.jpg
679,Laneige Longwear Shampoo,Haircare,83.79,images/679.jpg
680,Rare Beauty Matte Sunscreen,Skincare,25.25,images/680.jpg
681,L'Oréal Matte Moisturizer,Skincare,75.13,images/681.jpg
682,Estee Lauder Hydrating Cleanser,Skincare,111.89,images/682.jpg
683,CeraVe Glow Concealer,Makeup,100.18,images/683.jpg
684,Nivea Hydrating Hair Oil,Haircare,36.0,images/684.jpg
685,Clinique Repairing Sunscreen,Skincare,27.07,images/685.jpg
686,Rare Beauty Gentle Mascara,Makeup,94.24,images/686.jpg
687,Estee Lauder Radiant Shampoo,Haircare,88.87,images/687.jpg
688,Rare Beauty Refreshing Toner,Skincare,88.9,images/688.jpg
689,Neutrogena Radiant Blush,Makeup,43.76,images/689.jpg
690,MAC Gentle Beauty Blender,Beauty Tools,26.85,images/690.jpg
691,Cetaphil Refreshing Facial Roller,Beauty Tools,75.03,images/691.jpg
692,Maybelline Repairing Body Mist,Fragrance,63.09,images/692.jpg
693,Estee Lauder Radiant Hair Mask,Haircare,81.72,images/693.jpg
694,Rare Beauty Refreshing Makeup Brush Set,Beauty Tools,8.37,images/694.jpg
695,Dove Refreshing Hair Mask,Haircare,43.84,images/695.jpg
696,MAC Radiant Facial Roller,Beauty Tools,107.14,images/696.jpg
697,Rare Beauty Glow Perfume,Fragrance,23.3,images/697.jpg
698,Rare Beauty Silky Eau De Parfum,Fragrance,92.42,images/698.jpg
699,Neutrogena Radiant Night Cream,Skincare,117.31,images/699.jpg
700,Rare Beauty Refreshing Sunscreen,Skincare,39.23,images/700.jpg
701,L'Oréal Gentle Body Mist,Fragrance,70.92,images/701.jpg
702,L'Oréal Longwear Makeup Brush Set,Beauty Tools,73.83,images/702.jpg
703,Rare Beauty Hydrating Beauty Blender,Beauty Tools,41.0,images/703.jpg
704,Dove Volumizing Cleanser,Skincare,54.04,images/704.jpg
705,Neutrogena Hydrating Moisturizer,Skincare,110.28,images/705.jpg
706,MAC Longwear Conditioner,Haircare,62.12,images/706.jpg
707,Innisfree Matte Sunscreen,Skincare,40.26,images/707.jpg
708,Neutrogena Refreshing Beauty Blender,Beauty Tools,77.36,images/708.jpg
709,Rare Beauty Glow Hair Oil,Haircare,44.95,images/709.jpg
710,Clinique Longwear Cleanser,Skincare,80.9,images/710.jpg
711,Rare Beauty Gentle Hair Mask,Haircare,59.71,images/711.jpg
712,Neutrogena Matte Makeup Brush Set,Beauty Tools,62.59,images/712.jpg
713,Neutrogena Silky Body Mist,Fragrance,44.71,images/713.jpg
714,Innisfree Gentle Perfume,Fragrance,67.14,images/714.jpg
715,Cetaphil Silky Face Wash,Skincare,12.16,images/715.jpg
716,Neutrogena Radiant Perfume,Fragrance,10.93,images/716.jpg
717,Rare Beauty Radiant Body Mist,Fragrance,106.53,images/717.jpg
718,Fenty Beauty Gentle Eyeshadow Palette,Makeup,109.24,images/718.jpg
719,Dove Silky Eau De Parfum,Fragrance,11.4,images/719.jpg
720,Clinique Matte Perfume,Fragrance,25.8,images/720.jpg
721,Nivea Repairing Perfume,Fragrance,117.41,images/721.jpg
722,MAC Volumizing Perfume,Fragrance,22.75,images/722.jpg
723,Fenty Beauty Repairing Eyeshadow Palette,Makeup,46.73,images/723.jpg
724,Fenty Beauty Hydrating Body Mist,Fragrance,99.4,images/724.jpg
725,The Ordinary Refreshing Beauty Blender,Beauty Tools,39.26,images/725.jpg
726,CeraVe Refreshing Facial Roller,Beauty Tools,106.7,images/726.jpg
727,Dove Volumizing Perfume,Fragrance,99.55,images/727.jpg
728,Innisfree Glow Lipstick,Makeup,53.85,images/728.jpg
729,Dove Gentle Blush,Makeup,63.6,images/729.jpg
730,Estee Lauder Silky Night Cream,Skincare,46.69,images/730.jpg
731,Neutrogena Repairing Hair Oil,Haircare,64.23,images/731.jpg
732,Fenty Beauty Hydrating Conditioner,Haircare,100.26,images/732.jpg
733,Fenty Beauty Gentle Eyeshadow Palette,Makeup,52.96,images/733.jpg
734,Dove Gentle Moisturizer,Skincare,26.56,images/734.jpg
735,Maybelline Longwear Makeup Brush Set,Beauty Tools,116.38,images/735.jpg
736,Rare Beauty Matte Perfume,Fragrance,44.17,images/736.jpg
737,Laneige Matte Body Mist,Fragrance,84.19,images/737.jpg
738,L'Oréal Repairing Concealer,Makeup,95.55,images/738.jpg
739,Estee Lauder Volumizing Cleanser,Skincare,21.54,images/739.jpg
740,Innisfree Longwear Eau De Parfum,Fragrance,40.98,images/740.jpg
741,Neutrogena Gentle Perfume,Fragrance,77.38,images/741.jpg
742,MAC Matte Concealer,Makeup,51.12,images/742.jpg
743,L'Oréal Silky Beauty Blender,Beauty Tools,27.82,images/743.jpg
744,L'Oréal Radiant Facial Roller,Beauty Tools,20.67,images/744.jpg
745,CeraVe Longwear Serum,Skincare,54.21,images/745.jpg
746,CeraVe Repairing Makeup Brush Set,Beauty Tools,37.36,images/746.jpg
747,Maybelline Hydrating Sunscreen,Skincare,14.17,images/747.jpg
748,Neutrogena Matte Cleanser,Skincare,18.65,images/748.jpg
749,MAC Longwear Conditioner,Haircare,101.79,images/749.jpg
750,Estee Lauder Matte Eau De Parfum,Fragrance,26.68,images/750.jpg
751,Cetaphil Hydrating Beauty Blender,Beauty Tools,12.14,images/751.jpg
752,Cetaphil Longwear Lipstick,Makeup,97.45,images/752.jpg
753,CeraVe Glow Conditioner,Haircare,37.09,images/753.jpg
754,Rare Beauty Matte Primer,Makeup,105.98,images/754.jpg
755,Maybelline Longwear Toner,Skincare,18.7,images/755.jpg
756,Clinique Repairing Makeup Brush Set,Beauty Tools,97.13,images/756.jpg
757,Fenty Beauty Radiant Concealer,Makeup,40.44,images/757.jpg
758,Estee Lauder Volumizing Moisturizer,Skincare,32.96,images/758.jpg
759,Cetaphil Volumizing Mascara,Makeup,67.6,images/759.jpg
760,Fenty Beauty Radiant Night Cream,Skincare,28.51,images/760.jpg
761,MAC Volumizing Shampoo,Haircare,82.13,images/761.jpg
762,Estee Lauder Volumizing Body Mist,Fragrance,103.06,images/762.jpg
763,Fenty Beauty Refreshing Facial Roller,Beauty Tools,118.05,images/763.jpg
764,Laneige Silky Lipstick,Makeup,83.31,images/764.jpg
765,Maybelline Volumizing Serum,Skincare,53.41,images/765.jpg
766,Maybelline Silky Foundation,Makeup,47.94,images/766.jpg
767,CeraVe Hydrating Eau De Parfum,Fragrance,67.76,images/767.jpg
768,Cetaphil Refreshing Cleanser,Skincare,118.6,images/768.jpg
769,Fenty Beauty Hydrating Highlighter,Makeup,96.0,images/769.jpg
770,Clinique Gentle Facial Roller,Beauty Tools,92.18,images/770.jpg
771,L'Oréal Hydrating Perfume,Fragrance,21.91,images/771.jpg
772,The Ordinary Matte Facial Roller,Beauty Tools,66.14,images/772.jpg
773,Cetaphil Repairing Face Wash,Skincare,11.22,images/773.jpg
774,Innisfree Gentle Makeup Brush Set,Beauty Tools,48.78,images/774.jpg
775,MAC Glow Lipstick,Makeup,87.44,images/775.jpg
776,MAC Hydrating Makeup Brush Set,Beauty Tools,90.4,images/776.jpg
777,Dove Glow Makeup Brush Set,Beauty Tools,70.71,images/777.jpg
778,MAC Refreshing Serum,Skincare,68.0,images/778.jpg
779,Clinique Gentle Cleanser,Skincare,24.65,images/779.jpg
780,Neutrogena Silky Perfume,Fragrance,18.86,images/780.jpg
781,Neutrogena Refreshing Moisturizer,Skincare,114.31,images/781.jpg
782,Neutrogena Volumizing Conditioner,Haircare,109.56,images/782.jpg
783,Rare Beauty Silky Facial Roller,Beauty Tools,36.36,images/783.jpg
784,Clinique Radiant Highlighter,Makeup,72.55,images/784.jpg
785,Clinique Silky Beauty Blender,Beauty Tools,33.35,images/785.jpg
786,Maybelline Hydrating Beauty Blender,Beauty Tools,42.1,images/786.jpg
787,Cetaphil Matte Facial Roller,Beauty Tools,49.98,images/787.jpg
788,Laneige Gentle Cleanser,Skincare,34.51,images/788.jpg
789,Clinique Radiant Body Mist,Fragrance,68.21,images/789.jpg
790,CeraVe Longwear Foundation,Makeup,107.68,images/790.jpg
791,Dove Longwear Perfume,Fragrance,8.91,images/791.jpg
792,CeraVe Gentle Perfume,Fragrance,84.95,images/792.jpg
793,Maybelline Radiant Eau De Parfum,Fragrance,60.06,images/793.jpg
794,Dove Gentle Hair Oil,Haircare,107.13,images/794.jpg
795,L'Oréal Repairing Mascara,Makeup,45.03,images/795.jpg
796,Cetaphil Volumizing Beauty Blender,Beauty Tools,110.52,images/796.jpg
797,Laneige Silky Moisturizer,Skincare,93.61,images/797.jpg
798,Innisfree Volumizing Mascara,Makeup,77.65,images/798.jpg
799,Estee Lauder Glow Moisturizer,Skincare,79.07,images/799.jpg
800,Estee Lauder Gentle Cleanser,Skincare,74.65,images/800.jpg
801,L'Oréal Matte Face Wash,Skincare,51.8,images/801.jpg
802,The Ordinary Silky Hair Mask,Haircare,26.6,images/802.jpg
803,Fenty Beauty Radiant Cleanser,Skincare,31.2,images/803.jpg
804,Neutrogena Repairing Cleanser,Skincare,70.48,images/804.jpg
805,Nivea Gentle Eau De Parfum,Fragrance,104.6,images/805.jpg
806,Innisfree Matte Hair Oil,Haircare,92.83,images/806.jpg
807,Cetaphil Gentle Mascara,Makeup,51.36,images/807.jpg
808,MAC Glow Hair Mask,Haircare,29.04,images/808.jpg
809,Neutrogena Longwear Foundation,Makeup,95.6,images/809.jpg
810,Laneige Refreshing Concealer,Makeup,104.74,images/810.jpg
811,Dove Repairing Facial Roller,Beauty Tools,52.57,images/811.jpg
812,The Ordinary Refreshing Beauty Blender,Beauty Tools,57.53,images/812.jpg
813,Laneige Radiant Foundation,Makeup,93.1,images/813.jpg
814,Fenty Beauty Matte Primer,Makeup,58.21,images/814.jpg
815,Clinique Hydrating Concealer,Makeup,14.47,images/815.jpg
816,CeraVe Radiant Facial Roller,Beauty Tools,109.38,images/816.jpg
817,Neutrogena Glow Facial Roller,Beauty Tools,89.11,images/817.jpg
818,Cetaphil Glow Eyeshadow Palette,Makeup,38.4,images/818.jpg
819,Maybelline Radiant Facial Roller,Beauty Tools,119.8,images/819.jpg
820,Maybelline Matte Body Mist,Fragrance,76.01,images/820.jpg
821,Laneige Radiant Hair Mask,Haircare,18.79,images/821.jpg
822,Dove Longwear Foundation,Makeup,71.88,images/822.jpg
823,MAC Longwear Moisturizer,Skincare,60.94,images/823.jpg
824,Nivea Glow Cleanser,Skincare,66.57,images/824.jpg
825,Neutrogena Repairing Makeup Brush Set,Beauty Tools,95.27,images/825.jpg
826,Rare Beauty Volumizing Body Mist,Fragrance,69.12,images/826.jpg
827,L'Oréal Glow Hair Oil,Haircare,119.72,images/827.jpg
828,Fenty Beauty Repairing Body Mist,Fragrance,56.9,images/828.jpg
829,Fenty Beauty Refreshing Beauty Blender,Beauty Tools,14.15,images/829.jpg
830,Estee Lauder Longwear Conditioner,Haircare,25.48,images/830.jpg
831,The Ordinary Refreshing Beauty Blender,Beauty Tools,58.48,images/831.jpg
832,Innisfree Radiant Eau De Parfum,Fragrance,10.75,images/832.jpg
833,Innisfree Hydrating Toner,Skincare,15.7,images/833.jpg
834,Innisfree Radiant Eau De Parfum,Fragrance,100.11,images/834.jpg
835,Nivea Glow Makeup Brush Set,Beauty Tools,107.61,images/835.jpg
836,Laneige Longwear Perfume,Fragrance,10.6,images/836.jpg
837,MAC Volumizing Toner,Skincare,10.17,images/837.jpg
838,Maybelline Hydrating Eyeshadow Palette,Makeup,15.57,images/838.jpg
839,MAC Hydrating Night Cream,Skincare,53.25,images/839.jpg
840,Clinique Gentle Sunscreen,Skincare,104.67,images/840.jpg
841,Dove Radiant Eyeshadow Palette,Makeup,80.73,images/841.jpg
842,Estee Lauder Glow Beauty Blender,Beauty Tools,80.23,images/842.jpg
843,Cetaphil Silky Makeup Brush Set,Beauty Tools,83.75,images/843.jpg
844,Estee Lauder Volumizing Lipstick,Makeup,36.65,images/844.jpg
845,Maybelline Longwear Perfume,Fragrance,30.1,images/845.jpg
846,Laneige Volumizing Facial Roller,Beauty Tools,53.36,images/846.jpg
847,Clinique Gentle Eyeshadow Palette,Makeup,19.78,images/847.jpg
848,Dove Hydrating Facial Roller,Beauty Tools,22.11,images/848.jpg
849,Estee Lauder Refreshing Lipstick,Makeup,82.16,images/849.jpg
850,Clinique Repairing Toner,Skincare,26.27,images/850.jpg
851,MAC Radiant Cleanser,Skincare,77.26,images/851.jpg
852,Neutrogena Silky Cleanser,Skincare,107.75,images/852.jpg
853,The Ordinary Repairing Lipstick,Makeup,23.0,images/853.jpg
854,Fenty Beauty Repairing Hair Mask,Haircare,93.52,images/854.jpg
855,MAC Gentle Conditioner,Haircare,33.34,images/855.jpg
856,Innisfree Radiant Mascara,Makeup,97.49,images/856.jpg
857,The Ordinary Repairing Conditioner,Haircare,59.8,images/857.jpg
858,Innisfree Volumizing Makeup Brush Set,Beauty Tools,44.78,images/858.jpg
859,Dove Matte Night Cream,Skincare,78.79,images/859.jpg
860,Cetaphil Repairing Moisturizer,Skincare,100.6,images/860.jpg
861,Neutrogena Hydrating Toner,Skincare,32.76,images/861.jpg
862,Nivea Gentle Hair Mask,Haircare,93.66,images/862.jpg
863,Rare Beauty Volumizing Body Mist,Fragrance,31.37,images/863.jpg
864,Estee Lauder Refreshing Hair Mask,Haircare,92.2,images/864.jpg
865,Clinique Longwear Beauty Blender,Beauty Tools,39.6,images/865.jpg
866,Maybelline Refreshing Beauty Blender,Beauty Tools,115.87,images/866.jpg
867,Nivea Hydrating Blush,Makeup,8.85,images/867.jpg
868,Cetaphil Refreshing Shampoo,Haircare,42.3,images/868.jpg
869,Estee Lauder Radiant Shampoo,Haircare,109.52,images/869.jpg
870,Neutrogena Longwear Moisturizer,Skincare,53.41,images/870.jpg
871,Estee Lauder Glow Concealer,Makeup,78.38,images/871.jpg
872,Innisfree Longwear Hair Mask,Haircare,106.99,images/872.jpg
873,Laneige Refreshing Eyeshadow Palette,Makeup,71.83,images/873.jpg
874,L'Oréal Refreshing Makeup Brush Set,Beauty Tools,100.3,images/874.jpg
875,Laneige Longwear Perfume,Fragrance,57.05,images/875.jpg
876,Fenty Beauty Repairing Beauty Blender,Beauty Tools,14.5,images/876.jpg
877,Laneige Gentle Sunscreen,Skincare,75.61,images/877.jpg
878,The Ordinary Hydrating Eau De Parfum,Fragrance,32.77,images/878.jpg
879,Clinique Repairing Primer,Makeup,29.18,images/879.jpg
880,Clinique Refreshing Eau De Parfum,Fragrance,25.14,images/880.jpg
881,CeraVe Glow Shampoo,Haircare,109.44,images/881.jpg
882,The Ordinary Gentle Hair Mask,Haircare,61.76,images/882.jpg
883,Clinique Glow Serum,Skincare,26.31,images/883.jpg
884,Neutrogena Silky Hair Mask,Haircare,76.83,images/884.jpg
885,Nivea Gentle Sunscreen,Skincare,70.44,images/885.jpg
886,Fenty Beauty Volumizing Blush,Makeup,48.41,images/886.jpg
887,Maybelline Matte Blush,Makeup,26.2,images/887.jpg
888,Rare Beauty Repairing Beauty Blender,Beauty Tools,54.78,images/888.jpg
889,The Ordinary Glow Body Mist,Fragrance,85.78,images/889.jpg
890,CeraVe Matte Cleanser,Skincare,8.73,images/890.jpg
891,Laneige Gentle Lipstick,Makeup,52.47,images/891.jpg
892,Estee Lauder Gentle Beauty Blender,Beauty Tools,20.53,images/892.jpg
893,Nivea Repairing Moisturizer,Skincare,56.6,images/893.jpg
894,Dove Volumizing Lipstick,Makeup,39.69,images/894.jpg
895,Laneige Gentle Toner,Skincare,37.37,images/895.jpg
896,Neutrogena Glow Hair Mask,Haircare,89.94,images/896.jpg
897,CeraVe Repairing Moisturizer,Skincare,42.91,images/897.jpg
898,Nivea Glow Perfume,Fragrance,84.73,images/898.jpg
899,MAC Longwear Toner,Skincare,84.22,images/899.jpg
900,Cetaphil Silky Shampoo,Haircare,18.4,images/900.jpg
901,Fenty Beauty Refreshing Highlighter,Makeup,33.03,images/901.jpg
902,Clinique Matte Conditioner,Haircare,84.12,images/902.jpg
903,Cetaphil Volumizing Beauty Blender,Beauty Tools,26.25,images/903.jpg
904,MAC Refreshing Body Mist,Fragrance,55.13,images/904.jpg
905,Neutrogena Silky Facial Roller,Beauty Tools,108.37,images/905.jpg
906,The Ordinary Matte Sunscreen,Skincare,103.78,images/906.jpg
907,Fenty Beauty Matte Sunscreen,Skincare,110.68,images/907.jpg
908,Nivea Refreshing Toner,Skincare,86.4,images/908.jpg
909,Nivea Repairing Shampoo,Haircare,74.45,images/909.jpg
910,Innisfree Hydrating Primer,Makeup,72.93,images/910.jpg
911,Fenty Beauty Radiant Perfume,Fragrance,84.4,images/911.jpg
912,MAC Refreshing Perfume,Fragrance,16.96,images/912.jpg
913,CeraVe Silky Lipstick,Makeup,113.84,images/913.jpg
914,Laneige Hydrating Moisturizer,Skincare,43.96,images/914.jpg
915,Innisfree Gentle Hair Mask,Haircare,61.99,images/915.jpg
916,Neutrogena Gentle Sunscreen,Skincare,18.6,images/916.jpg
917,L'Oréal Longwear Primer,Makeup,77.08,images/917.jpg
918,The Ordinary Hydrating Cleanser,Skincare,23.16,images/918.jpg
919,The Ordinary Matte Hair Oil,Haircare,101.38,images/919.jpg
920,Nivea Glow Hair Oil,Haircare,67.48,images/920.jpg
921,Nivea Matte Moisturizer,Skincare,102.25,images/921.jpg
922,Rare Beauty Silky Foundation,Makeup,110.4,images/922.jpg
923,Clinique Refreshing Facial Roller,Beauty Tools,18.35,images/923.jpg
924,Fenty Beauty Refreshing Concealer,Makeup,16.78,images/924.jpg
925,L'Oréal Volumizing Blush,Makeup,62.18,images/925.jpg
926,Neutrogena Refreshing Highlighter,Makeup,22.04,images/926.jpg
927,Clinique Matte Body Mist,Fragrance,97.85,images/927.jpg
928,Innisfree Longwear Hair Mask,Haircare,110.12,images/928.jpg
929,Clinique Gentle Beauty Blender,Beauty Tools,117.12,images/929.jpg
930,Dove Glow Sunscreen,Skincare,62.47,images/930.jpg
931,Fenty Beauty Silky Toner,Skincare,27.52,images/931.jpg
932,Nivea Repairing Hair Oil,Haircare,90.07,images/932.jpg
933,MAC Glow Makeup Brush Set,Beauty Tools,54.02,images/933.jpg
934,Cetaphil Hydrating Conditioner,Haircare,59.94,images/934.jpg
935,Clinique Hydrating Body Mist,Fragrance,68.63,images/935.jpg
936,Fenty Beauty Longwear Sunscreen,Skincare,28.43,images/936.jpg
937,Laneige Radiant Hair Oil,Haircare,22.88,images/937.jpg
938,Dove Glow Body Mist,Fragrance,76.86,images/938.jpg
939,The Ordinary Volumizing Facial Roller,Beauty Tools,105.73,images/939.jpg
940,Rare Beauty Refreshing Shampoo,Haircare,61.3,images/940.jpg
941,L'Oréal Glow Makeup Brush Set,Beauty Tools,12.55,images/941.jpg
942,Dove Silky Lipstick,Makeup,106.6,images/942.jpg
943,Maybelline Gentle Body Mist,Fragrance,87.48,images/943.jpg
944,Laneige Repairing Highlighter,Makeup,92.52,images/944.jpg
945,CeraVe Longwear Conditioner,Haircare,115.12,images/945.jpg
946,Neutrogena Repairing Lipstick,Makeup,112.35,images/946.jpg
947,Nivea Hydrating Conditioner,Haircare,14.58,images/947.jpg
948,L'Oréal Silky Hair Mask,Haircare,27.37,images/948.jpg
949,L'Oréal Hydrating Moisturizer,Skincare,61.85,images/949.jpg
950,The Ordinary Gentle Eyeshadow Palette,Makeup,68.3,images/950.jpg
951,Cetaphil Hydrating Hair Oil,Haircare,41.63,images/951.jpg
952,Neutrogena Volumizing Moisturizer,Skincare,44.84,images/952.jpg
953,Clinique Gentle Conditioner,Haircare,72.3,images/953.jpg
954,Clinique Glow Moisturizer,Skincare,102.0,images/954.jpg
955,Nivea Gentle Cleanser,Skincare,111.05,images/955.jpg
956,L'Oréal Silky Cleanser,Skincare,48.38,images/956.jpg
957,Maybelline Longwear Perfume,Fragrance,68.22,images/957.jpg
958,Dove Volumizing Facial Roller,Beauty Tools,22.04,images/958.jpg
959,Dove Refreshing Blush,Makeup,17.12,images/959.jpg
960,Maybelline Silky Face Wash,Skincare,12.47,images/960.jpg
961,Cetaphil Refreshing Serum,Skincare,47.39,images/961.jpg
962,Laneige Radiant Perfume,Fragrance,38.74,images/962.jpg
963,Maybelline Matte Conditioner,Haircare,33.02,images/963.jpg
964,Cetaphil Longwear Night Cream,Skincare,99.41,images/964.jpg
965,Neutrogena Gentle Eau De Parfum,Fragrance,20.56,images/965.jpg
966,Laneige Radiant Hair Oil,Haircare,69.15,images/966.jpg
967,Innisfree Matte Mascara,Makeup,41.43,images/967.jpg
968,Nivea Matte Makeup Brush Set,Beauty Tools,25.33,images/968.jpg
969,Laneige Repairing Blush,Makeup,26.26,images/969.jpg
970,Fenty Beauty Silky Facial Roller,Beauty Tools,31.46,images/970.jpg
971,CeraVe Silky Conditioner,Haircare,43.35,images/971.jpg
972,Nivea Matte Primer,Makeup,91.5,images/972.jpg
973,Laneige Refreshing Sunscreen,Skincare,33.88,images/973.jpg
974,Cetaphil Longwear Eyeshadow Palette,Makeup,59.92,images/974.jpg
975,CeraVe Gentle Blush,Makeup,14.77,images/975.jpg
976,Innisfree Silky Cleanser,Skincare,80.68,images/976.jpg
977,Estee Lauder Repairing Beauty Blender,Beauty Tools,40.98,images/977.jpg
978,Laneige Glow Hair Mask,Haircare,30.3,images/978.jpg
979,The Ordinary Volumizing Eyeshadow Palette,Makeup,99.73,images/979.jpg
980,CeraVe Glow Hair Oil,Haircare,21.86,images/980.jpg
981,Maybelline Longwear Perfume,Fragrance,10.14,images/981.jpg
982,The Ordinary Gentle Toner,Skincare,95.99,images/982.jpg
983,L'Oréal Repairing Mascara,Makeup,21.63,images/983.jpg
984,Neutrogena Silky Shampoo,Haircare,72.04,images/984.jpg
985,Laneige Repairing Hair Oil,Haircare,12.45,images/985.jpg
986,Cetaphil Gentle Hair Mask,Haircare,18.64,images/986.jpg
987,Neutrogena Glow Makeup Brush Set,Beauty Tools,116.97,images/987.jpg
988,Fenty Beauty Radiant Foundation,Makeup,52.3,images/988.jpg
989,Neutrogena Repairing Night Cream,Skincare,34.31,images/989.jpg
990,Clinique Volumizing Conditioner,Haircare,35.92,images/990.jpg
991,Neutrogena Gentle Concealer,Makeup,47.05,images/991.jpg
992,Laneige Gentle Serum,Skincare,25.55,images/992.jpg
993,Neutrogena Glow Toner,Skincare,92.55,images/993.jpg
994,Cetaphil Glow Cleanser,Skincare,74.32,images/994.jpg
995,CeraVe Radiant Hair Mask,Haircare,10.97,images/995.jpg
996,Cetaphil Longwear Perfume,Fragrance,51.14,images/996.jpg
997,Cetaphil Gentle Beauty Blender,Beauty Tools,105.16,images/997.jpg
998,Laneige Volumizing Beauty Blender,Beauty Tools,37.01,images/998.jpg
999,Dove Refreshing Primer,Makeup,12.1,images/999.jpg
1000,Neutrogena Refreshing Makeup Brush Set,Beauty Tools,86.77,images/1000.jpg
1001,Estee Lauder Refreshing Lipstick,Makeup,34.52,images/1001.jpg
1002,Clinique Matte Hair Mask,Haircare,119.91,images/1002.jpg
1003,Estee Lauder Radiant Highlighter,Makeup,35.74,images/1003.jpg
1004,The Ordinary Radiant Toner,Skincare,55.06,images/1004.jpg
1005,Innisfree Refreshing Cleanser,Skincare,10.89,images/1005.jpg
1006,Maybelline Radiant Body Mist,Fragrance,58.58,images/1006.jpg
1007,Nivea Glow Beauty Blender,Beauty Tools,72.85,images/1007.jpg
1008,MAC Radiant Blush,Makeup,97.99,images/1008.jpg
1009,Estee Lauder Refreshing Body Mist,Fragrance,8.31,images/1009.jpg
1010,Fenty Beauty Gentle Hair Mask,Haircare,117.27,images/1010.jpg
1011,L'Oréal Repairing Perfume,Fragrance,69.47,images/1011.jpg
1012,Neutrogena Silky Blush,Makeup,29.04,images/1012.jpg
1013,Estee Lauder Hydrating Shampoo,Haircare,84.34,images/1013.jpg
1014,Fenty Beauty Longwear Night Cream,Skincare,84.54,images/1014.jpg
1015,Innisfree Repairing Cleanser,Skincare,12.7,images/1015.jpg
1016,Fenty Beauty Matte Beauty Blender,Beauty Tools,86.9,images/1016.jpg
1017,Rare Beauty Refreshing Mascara,Makeup,101.81,images/1017.jpg
1018,The Ordinary Gentle Cleanser,Skincare,96.37,images/1018.jpg
1019,Dove Radiant Beauty Blender,Beauty Tools,44.25,images/1019.jpg
1020,Fenty Beauty Volumizing Lipstick,Makeup,54.68,images/1020.jpg
1021,The Ordinary Radiant Face Wash,Skincare,117.26,images/1021.jpg
1022,Estee Lauder Longwear Hair Mask,Haircare,61.64,images/1022.jpg
1023,Fenty Beauty Matte Hair Mask,Haircare,101.55,images/1023.jpg
1024,Nivea Matte Perfume,Fragrance,105.93,images/1024.jpg
1025,Laneige Repairing Hair Mask,Haircare,78.52,images/1025.jpg
1026,Estee Lauder Gentle Lipstick,Makeup,96.15,images/1026.jpg
1027,MAC Glow Shampoo,Haircare,49.2,images/1027.jpg
1028,Clinique Volumizing Cleanser,Skincare,111.23,images/1028.jpg
1029,Estee Lauder Refreshing Foundation,Makeup,35.17,images/1029.jpg
1030,The Ordinary Matte Eau De Parfum,Fragrance,37.56,images/1030.jpg
1031,Maybelline Longwear Shampoo,Haircare,19.42,images/1031.jpg
1032,MAC Gentle Primer,Makeup,50.28,images/1032.jpg
1033,Rare Beauty Repairing Eau De Parfum,Fragrance,103.61,images/1033.jpg
1034,Neutrogena Volumizing Serum,Skincare,36.6,images/1034.jpg
1035,Dove Repairing Beauty Blender,Beauty Tools,81.84,images/1035.jpg
1036,Estee Lauder Hydrating Cleanser,Skincare,56.44,images/1036.jpg
1037,Rare Beauty Matte Makeup Brush Set,Beauty Tools,74.02,images/1037.jpg
1038,Maybelline Radiant Beauty Blender,Beauty Tools,87.93,images/1038.jpg
1039,Estee Lauder Volumizing Body Mist,Fragrance,73.18,images/1039.jpg
1040,Dove Longwear Beauty Blender,Beauty Tools,75.19,images/1040.jpg
1041,Innisfree Glow Hair Mask,Haircare,59.1,images/1041.jpg
1042,Innisfree Gentle Shampoo,Haircare,92.66,images/1042.jpg
1043,Fenty Beauty Longwear Hair Oil,Haircare,52.99,images/1043.jpg
1044,Laneige Radiant Eyeshadow Palette,Makeup,103.63,images/1044.jpg
1045,Cetaphil Silky Perfume,Fragrance,24.41,images/1045.jpg
1046,Clinique Hydrating Body Mist,Fragrance,12.94,images/1046.jpg
1047,Maybelline Matte Lipstick,Makeup,14.22,images/1047.jpg
1048,L'Oréal Refreshing Mascara,Makeup,108.32,images/1048.jpg
1049,L'Oréal Refreshing Toner,Skincare,28.92,images/1049.jpg
1050,Nivea Gentle Mascara,Makeup,66.54,images/1050.jpg
1051,Neutrogena Refreshing Primer,Makeup,14.11,images/1051.jpg
1052,Innisfree Longwear Eyeshadow Palette,Makeup,97.4,images/1052.jpg
1053,Innisfree Silky Sunscreen,Skincare,18.64,images/1053.jpg
1054,Laneige Longwear Facial Roller,Beauty Tools,74.1,images/1054.jpg
1055,Rare Beauty Repairing Facial Roller,Beauty Tools,76.14,images/1055.jpg
1056,Laneige Gentle Hair Mask,Haircare,70.42,images/1056.jpg
1057,The Ordinary Silky Makeup Brush Set,Beauty Tools,46.0,images/1057.jpg
1058,Laneige Longwear Conditioner,Haircare,74.72,images/1058.jpg
1059,Fenty Beauty Radiant Hair Mask,Haircare,38.52,images/1059.jpg
1060,Laneige Glow Hair Mask,Haircare,104.32,images/1060.jpg
1061,Laneige Gentle Sunscreen,Skincare,86.16,images/1061.jpg
1062,The Ordinary Silky Body Mist,Fragrance,59.02,images/1062.jpg
1063,CeraVe Refreshing Shampoo,Haircare,70.71,images/1063.jpg
1064,Fenty Beauty Longwear Hair Mask,Haircare,72.53,images/1064.jpg
1065,L'Oréal Repairing Night Cream,Skincare,73.29,images/1065.jpg
1066,Clinique Refreshing Eyeshadow Palette,Makeup,103.94,images/1066.jpg
1067,Rare Beauty Radiant Face Wash,Skincare,82.83,images/1067.jpg
1068,The Ordinary Refreshing Beauty Blender,Beauty Tools,98.5,images/1068.jpg
1069,Fenty Beauty Hydrating Shampoo,Haircare,18.79,images/1069.jpg
1070,L'Oréal Radiant Conditioner,Haircare,38.59,images/1070.jpg
1071,Maybelline Silky Eau De Parfum,Fragrance,94.45,images/1071.jpg
1072,Rare Beauty Silky Makeup Brush Set,Beauty Tools,62.99,images/1072.jpg
1073,Cetaphil Volumizing Cleanser,Skincare,111.35,images/1073.jpg
1074,Neutrogena Repairing Toner,Skincare,117.92,images/1074.jpg
1075,Innisfree Matte Eau De Parfum,Fragrance,79.2,images/1075.jpg
1076,CeraVe Silky Beauty Blender,Beauty Tools,80.78,images/1076.jpg
1077,L'Oréal Radiant Night Cream,Skincare,113.77,images/1077.jpg
1078,The Ordinary Radiant Body Mist,Fragrance,9.87,images/1078.jpg
1079,Nivea Gentle Conditioner,Haircare,46.03,images/1079.jpg
1080,Estee Lauder Hydrating Night Cream,Skincare,32.78,images/1080.jpg
1081,Innisfree Matte Highlighter,Makeup,51.93,images/1081.jpg
1082,Cetaphil Refreshing Body Mist,Fragrance,80.31,images/1082.jpg
1083,Clinique Longwear Foundation,Makeup,76.42,images/1083.jpg
1084,Neutrogena Gentle Hair Mask,Haircare,17.25,images/1084.jpg
1085,Clinique Hydrating Hair Oil,Haircare,106.99,images/1085.jpg
1086,The Ordinary Glow Facial Roller,Beauty Tools,54.24,images/1086.jpg
1087,L'Oréal Gentle Face Wash,Skincare,119.81,images/1087.jpg
1088,Maybelline Glow Hair Mask,Haircare,23.06,images/1088.jpg
1089,Fenty Beauty Radiant Toner,Skincare,84.37,images/1089.jpg
1090,Innisfree Radiant Facial Roller,Beauty Tools,44.08,images/1090.jpg
1091,Rare Beauty Hydrating Beauty Blender,Beauty Tools,25.35,images/1091.jpg
1092,Neutrogena Repairing Eyeshadow Palette,Makeup,52.53,images/1092.jpg
1093,Clinique Repairing Hair Oil,Haircare,78.77,images/1093.jpg
1094,Estee Lauder Volumizing Facial Roller,Beauty Tools,98.47,images/1094.jpg
1095,Nivea Radiant Moisturizer,Skincare,98.54,images/1095.jpg
1096,Nivea Glow Body Mist,Fragrance,30.61,images/1096.jpg
1097,Dove Repairing Blush,Makeup,22.28,images/1097.jpg
1098,The Ordinary Glow Beauty Blender,Beauty Tools,103.66,images/1098.jpg
1099,L'Oréal Longwear Conditioner,Haircare,58.93,images/1099.jpg
1100,Innisfree Radiant Foundation,Makeup,15.94,images/1100.jpg
